"task_name","task_version","task_versionDate","task_form","task_ageCohort","task_language","site_id","subject_id","session_num","session_date","session_start","trial_start","initials","machine_id","response_device","nb1_total_trials","nb1_score","nb1_bias","nb1_corr","nb1_errors","nb1_mean","nb1_median","nb1_stdev","nb1sm_corr","nb1sm_errors","nb1sm_mean","nb1sm_median","nb1sm_stdev","nb1s1_corr","nb1s1_errors","nb1s1_mean","nb1s1_median","nb1s1_stdev","nb1s2_corr","nb1s2_errors","nb1s2_mean","nb1s2_median","nb1s2_stdev","nb1s3_corr","nb1s3_errors","nb1s3_mean","nb1s3_median","nb1s3_stdev","nb1s4_corr","nb1s4_errors","nb1s4_mean","nb1s4_median","nb1s4_stdev","nb1vhL_corr","nb1vhL_errors","nb1vhL_mean","nb1vhL_median","nb1vhL_stdev","nb1vhR_corr","nb1vhR_errors","nb1vhR_mean","nb1vhR_median","nb1vhR_stdev","nb2_total_trials","nb2_score","nb2_bias","nb2_corr","nb2_errors","nb2_mean","nb2_median","nb2_stdev","nb2sm_corr","nb2sm_errors","nb2sm_mean","nb2sm_median","nb2sm_stdev","nb2s1_corr","nb2s1_errors","nb2s1_mean","nb2s1_median","nb2s1_stdev","nb2s2_corr","nb2s2_errors","nb2s2_mean","nb2s2_median","nb2s2_stdev","nb2s3_corr","nb2s3_errors","nb2s3_mean","nb2s3_median","nb2s3_stdev","nb2s4_corr","nb2s4_errors","nb2s4_mean","nb2s4_median","nb2s4_stdev","nb2vhL_corr","nb2vhL_errors","nb2vhL_mean","nb2vhL_median","nb2vhL_stdev","nb2vhR_corr","nb2vhR_errors","nb2vhR_mean","nb2vhR_median","nb2vhR_stdev","nb2int_corr","nb2int_errors","nb2int_mean","nb2int_median","nb2int_stdev","nb2noint_corr","nb2noint_errors","nb2noint_mean","nb2noint_median","nb2noint_stdev"
"NBack","3.2.0.2","04/04/2012","a","Adult","English","UIC-IJR",0,1,"10/19/2018","17:14:19",NA,"JW","IJR-235a","keyboard",10,-5,-5,8,2,0.6984,0.7162,0.1492,3,0,0.7331,0.6717,0.1116,1,2,0.8144,NA,0,1,0,0.8536,NA,0,1,0,0.7606,NA,0,2,0,0.4797,0.4797,0.0049,1,1,0.8536,NA,0,5,0,0.6495,0.6378,0.1599,0,-5,-5,0,0,-5,-5,-5,0,0,-5,-5,-5,0,0,-5,-5,-5,0,0,-5,-5,-5,0,0,-5,-5,-5,0,0,-5,-5,-5,0,0,-5,-5,-5,0,0,-5,-5,-5,0,0,-5,-5,-5,0,0,-5,-5,-5
"NBack","3.2.0.2","04/04/2012","a","Adult","English","UIC-IJR",123,1,"06/20/2018","12:57",NA,"slp","IJR-235a",NA,0,-5,-5,0,0,-5,-5,-5,0,0,-5,-5,-5,0,0,-5,-5,-5,0,0,-5,-5,-5,0,0,-5,-5,-5,0,0,-5,-5,-5,0,0,-5,-5,-5,0,0,-5,-5,-5,0,-5,-5,0,0,-5,-5,-5,0,0,-5,-5,-5,0,0,-5,-5,-5,0,0,-5,-5,-5,0,0,-5,-5,-5,0,0,-5,-5,-5,0,0,-5,-5,-5,0,0,-5,-5,-5,0,0,-5,-5,-5,0,0,-5,-5,-5
"NBack","3.2.0.2","04/04/2012","a","Adult","English","UIC-IJR",100,1,"10/14/2019","12:19:19",NA,"jw","IJR-235a","keyboard",30,1.594,0.3,23,7,0.6658,0.6533,0.1633,9,1,0.5983,0.5921,0.1042,1,4,0.769,NA,0,3,2,0.6902,0.696,0.0263,5,0,0.7312,0.6785,0.2592,5,0,0.6868,0.6589,0.1418,10,1,0.6683,0.667,0.1212,9,2,0.601,0.5921,0.0983,90,0.506,0.253,51,39,0.8701,0.7771,0.4086,21,9,0.9089,0.7711,0.5889,2,13,0.6942,0.6942,0.1705,10,5,0.8824,0.8343,0.1738,10,5,0.8008,0.803,0.2054,8,7,0.8837,0.8428,0.1962,20,14,0.9577,0.8018,0.5878,19,15,0.8219,0.755,0.2442,0,8,-5,-5,-5,51,31,0.8701,0.7771,0.4086
"NBack","3.2.0.2","04/04/2012","a","Adult","English","UIC-IJR",101,1,"11/08/2019","14:01:01",NA,"jw","IJR-235a","keyboard",30,1.888,0.153,25,5,0.7749,0.7157,0.2563,9,1,0.6648,0.6644,0.1015,2,3,0.8901,0.8901,0.1626,4,1,0.9214,0.8701,0.3464,5,0,0.7436,0.7864,0.1266,5,0,0.8408,0.7151,0.371,8,3,0.6758,0.6671,0.135,10,1,0.7963,0.7157,0.2554,90,0.708,-0.025,58,32,1.1361,0.9344,0.7937,19,11,0.7711,0.7349,0.3049,10,5,1.0724,1.0004,0.695,10,5,1.2973,1.0281,0.9432,7,8,1.1121,1.0161,0.6818,12,3,1.6465,1.4333,0.9929,20,14,1.194,0.9431,0.8278,22,12,0.9437,0.9258,0.4049,3,5,0.9066,0.3438,0.8917,55,27,1.1486,0.9431,0.7861
"NBack","3.2.0.2","04/04/2012","a","Adult","English","UIC-IJR",102,1,"11/18/2019","16:58:23",NA,"jw","IJR-235a","keyboard",30,2.658,0.362,27,3,0.8004,0.7562,0.277,10,0,0.7099,0.6555,0.1536,3,2,0.9838,1.0143,0.1048,4,1,0.7733,0.8387,0.1881,5,0,0.8788,0.7513,0.4355,5,0,0.8145,0.6966,0.3148,11,0,0.7488,0.761,0.1784,10,1,0.7945,0.7323,0.2702,90,1.761,-0.28,75,15,0.8886,0.9119,0.2318,22,8,0.7648,0.7293,0.2055,11,4,0.9202,0.896,0.2379,13,2,0.9519,0.9151,0.2601,14,1,0.9449,0.9434,0.22,15,0,0.9398,0.9343,0.1705,28,6,0.8907,0.9112,0.2413,27,7,0.8896,0.9119,0.2351,6,2,1.0027,0.9593,0.1985,69,13,0.8787,0.9119,0.2318
"NBack","3.2.0.2","04/04/2012","a","Adult","English","UIC-IJR",103,1,"12/13/2019","14:57:24",NA,"jw","IJR-235a","keyboard",30,1.888,0.153,25,5,0.8898,0.8387,0.1462,9,1,0.8036,0.77,0.134,1,4,0.9385,NA,0,5,0,1.0355,0.9949,0.1027,5,0,0.9498,0.9207,0.1342,5,0,0.8295,0.8034,0.0607,9,2,0.8547,0.8232,0.118,11,0,0.914,0.9385,0.1521,90,0.547,0.232,52,38,0.6518,0.4874,0.5807,21,9,0.5282,0.3143,0.3747,10,5,0.8199,0.5134,0.9893,9,6,0.8275,0.7089,0.5969,6,9,0.5951,0.5386,0.2842,6,9,0.5972,0.5387,0.1769,21,13,0.7887,0.4377,0.8142,20,14,0.5654,0.4389,0.3538,3,5,0.4636,0.3129,0.2266,49,33,0.6633,0.4965,0.5936
"NBack","3.2.0.2","04/04/2012","a","Adult","English","UIC-IJR",104,1,"12/03/2019","19:09:52",NA,"jw","IJR-235a","keyboard",30,3.156,0.113,29,1,0.915,0.7999,0.4732,10,0,0.7012,0.7168,0.1152,4,1,1.0359,1.0213,0.1438,5,0,0.9308,0.8781,0.2639,5,0,0.8971,0.8026,0.2666,5,0,1.248,0.8108,0.9489,10,1,0.7864,0.7651,0.1892,11,0,1.0657,0.7973,0.692,90,1.632,-0.008,72,18,5.5376,5.2007,2.7328,24,6,5.2594,4.7185,2.6628,12,3,4.6191,4.0542,2.0866,12,3,5.8404,5.883,2.5898,12,3,5.2404,5.2053,2.3111,12,3,7.0071,6.1703,3.2997,27,7,4.764,4.385,2.5351,27,7,5.7913,5.92,2.3239,6,2,6.7159,4.9902,4.1758,66,16,5.4305,5.203,2.5346
"NBack","3.2.0.2","04/04/2012","a","Adult","English","UIC-IJR",105,1,"12/09/2019","17:43:21",NA,"jw","IJR-235a","keyboard",30,2.87,0.255,28,2,0.6441,0.6247,0.1325,10,0,0.6185,0.5865,0.1568,4,1,0.6854,0.6982,0.0921,5,0,0.612,0.612,0.0532,4,1,0.6548,0.6644,0.0479,5,0,0.6856,0.5933,0.1793,10,1,0.5972,0.5981,0.1021,11,0,0.6819,0.6131,0.1318,90,1.488,0.181,68,22,0.7783,0.7335,0.2523,25,5,0.698,0.6554,0.1984,10,5,0.7221,0.7389,0.0905,11,4,0.7607,0.7445,0.1226,11,4,0.9858,0.8842,0.3742,11,4,0.8219,0.7427,0.2806,26,8,0.8532,0.7428,0.2991,27,7,0.6646,0.6924,0.1231,1,7,0.4928,NA,0,67,15,0.7826,0.7359,0.2517
"NBack","3.2.0.2","04/04/2012","a","Adult","English","UIC-IJR",106,1,"01/23/2020","13:38:11",NA,"jw","IJR-235a","keyboard",30,2.562,-0.184,28,2,0.8949,0.8361,0.2484,9,1,0.9916,0.9226,0.3345,5,0,0.8655,0.8758,0.1026,5,0,0.6993,0.7042,0.0649,4,1,1.0444,1.0064,0.2277,5,0,0.8262,0.8262,0.0962,10,1,0.9765,0.9222,0.2669,10,1,0.921,0.8249,0.2455,90,2.177,-0.489,79,11,1.6892,1.3975,0.9196,22,8,1.2653,1.1319,0.5392,13,2,2.0641,1.5394,1.1482,15,0,1.5755,1.3484,0.6846,15,0,1.9691,2.0286,0.8046,14,1,1.8291,1.2913,1.1681,33,1,1.8895,1.4,1.1691,28,6,1.4201,1.2801,0.5371,8,0,1.8828,1.6747,0.7692,71,11,1.6674,1.3931,0.9325
"NBack","3.2.0.2","04/04/2012","a","Adult","English","UIC-IJR",109,1,"01/27/2020","13:24:45",NA,"jw","IJR-235a","keyboard",30,3.156,0.113,29,1,0.6287,0.5707,0.1703,10,0,0.5126,0.5321,0.0983,5,0,0.7541,0.803,0.1582,5,0,0.6353,0.5725,0.1547,4,1,0.7058,0.6268,0.2149,5,0,0.6672,0.5932,0.1183,10,1,0.6014,0.544,0.1146,11,0,0.595,0.5707,0.154,90,1.871,-0.01,75,15,1.2096,1.0638,0.5392,25,5,0.9003,0.8677,0.2482,9,6,1.4435,1.3864,0.4858,14,1,1.4755,1.4418,0.4561,14,1,1.3537,1.0251,0.8418,13,2,1.2011,1.1944,0.2965,27,7,1.2194,1.169,0.4923,28,6,1.2387,1.1282,0.6406,8,0,1.2986,1.0281,0.4838,67,15,1.199,1.1022,0.5445
"NBack","3.2.0.2","04/04/2012","a","Adult","English","UIC-IJR",110,1,"03/04/2020","10:28:17",NA,"py","IJR-235a","keyboard",30,2.87,0.255,28,2,0.6932,0.669,0.1485,10,0,0.738,0.7186,0.2226,4,1,0.7114,0.7194,0.0588,4,1,0.6638,0.632,0.0827,5,0,0.6624,0.622,0.0618,5,0,0.6435,0.6175,0.0623,10,1,0.7819,0.7436,0.173,11,0,0.6573,0.6232,0.0776,90,0.334,0.249,48,42,1.1338,0.8978,0.7466,20,10,1.0113,0.7717,0.9124,3,12,1.3432,1.3483,0.3097,8,7,0.9924,0.8335,0.4434,7,8,1.5505,1.2685,0.7196,10,5,1.1374,0.8366,0.5303,18,16,1.1913,0.9897,0.5648,19,15,1.1459,0.775,0.9859,2,6,0.9103,0.9103,0.5312,46,36,1.1435,0.8978,0.753
"NBack","3.2.0.2","04/04/2012","a","Adult","English","UIC-IJR",111,1,"02/13/2020","17:05:14",NA,"jw","IJR-235a","keyboard",30,2.562,-0.184,28,2,0.8,0.5969,0.7012,9,1,0.5781,0.4974,0.1835,4,1,0.7456,0.7196,0.1487,5,0,0.7803,0.6061,0.245,5,0,0.6802,0.6748,0.0984,5,0,1.3822,0.6504,1.4698,10,1,0.7289,0.7652,0.1527,11,0,0.8838,0.5722,1.0875,90,0.138,-0.877,56,34,0.6317,0.5584,0.3168,6,24,0.7256,0.6265,0.3489,14,1,0.5488,0.5228,0.1474,12,3,0.5596,0.5052,0.1871,11,4,0.7387,0.5675,0.5442,13,2,0.6535,0.5788,0.2082,20,14,0.7589,0.671,0.449,21,13,0.5952,0.5751,0.1987,7,1,0.4587,0.4456,0.0827,49,33,0.6564,0.5738,0.3299
"NBack","3.2.0.2","04/04/2012","a","Adult","English","UIC-IJR",112,1,"07/17/2020","13:03:53",NA,"jw","IJR-235a","keyboard",30,3.156,0.113,29,1,0.5811,0.55,0.1189,10,0,0.582,0.5705,0.1112,4,1,0.5719,0.5568,0.0972,5,0,0.6197,0.5906,0.1051,5,0,0.6457,0.6245,0.1488,5,0,0.4835,0.4834,0.0361,11,0,0.5678,0.5538,0.1217,11,0,0.5606,0.5351,0.0899,90,3,0.16,84,6,0.9236,0.8408,0.3147,29,1,0.8181,0.7992,0.2451,12,3,1.0745,1.0048,0.3946,15,0,0.9267,0.9942,0.1883,13,2,0.8947,0.7425,0.282,15,0,1.0287,0.8911,0.3975,32,2,0.8979,0.8328,0.2744,32,2,0.9382,0.8901,0.317,6,2,0.9872,0.9943,0.2344,78,4,0.9187,0.8254,0.3195
"NBack","3.2.0.2","04/04/2012","a","Adult","English","UIC-IJR",113,1,"08/03/2020","10:06:56",NA,"JW","IJR-235a","keyboard",30,2.87,0.255,28,2,0.7589,0.6717,0.2869,10,0,0.6189,0.6026,0.1172,3,2,1.2115,0.9905,0.5728,5,0,0.7271,0.6717,0.1157,5,0,0.6966,0.6727,0.0583,5,0,0.8615,0.8115,0.2056,11,0,0.7179,0.7382,0.1456,10,1,0.7169,0.6635,0.1857,90,1.634,0.394,67,23,0.9394,0.8818,0.2719,27,3,0.8085,0.7771,0.2313,11,4,1.0074,0.997,0.1234,11,4,1.0018,0.9219,0.2236,9,6,1.0343,0.9247,0.3322,9,6,1.0781,0.944,0.3314,26,8,0.9454,0.8879,0.2205,28,6,0.9456,0.8468,0.3475,0,8,-5,-5,-5,67,15,0.9394,0.8818,0.2719
"NBack","3.2.0.2","04/04/2012","a","Adult","English","UIC-IJR",114,1,"08/13/2020","14:45:10",NA,"jw","IJR-235a","keyboard",30,2.277,-0.041,27,3,0.716,0.6996,0.1119,9,1,0.6653,0.6695,0.0559,4,1,0.702,0.7075,0.0718,4,1,0.8781,0.8229,0.1691,5,0,0.7114,0.7412,0.0715,5,0,0.6933,0.6627,0.0596,11,0,0.7041,0.6706,0.0784,10,1,0.7249,0.6841,0.16,90,1.186,0.214,63,27,0.9805,0.8321,0.4515,24,6,0.8478,0.7881,0.2376,8,7,1.4287,1.1307,0.766,12,3,0.9211,0.8699,0.2243,6,9,1.2238,0.9063,0.5752,13,2,0.8924,0.8142,0.3592,23,11,1.1142,0.9519,0.5846,24,10,0.9454,0.8328,0.324,4,4,1.1994,1.1388,0.4947,59,23,0.9657,0.8275,0.4445
"NBack","3.2.0.2","04/04/2012","a","Adult","English","UIC-IJR",116,1,"09/03/2020","17:27:34",NA,"JW","IJR-235a","keyboard",30,2.328,0.527,25,5,0.7398,0.6811,0.2337,10,0,0.676,0.6863,0.0925,1,4,1.6614,NA,0,4,1,0.6226,0.6294,0.0606,5,0,0.7885,0.7454,0.2005,5,0,0.7283,0.7512,0.1461,10,1,0.6932,0.6521,0.1617,11,0,0.8044,0.7445,0.3001,90,1.323,0.146,66,24,1.7737,1.3141,1.5319,24,6,1.6562,1.2339,1.3363,9,6,1.9823,1.284,2.2526,9,6,1.9526,2.0942,1.3938,12,3,2.1276,1.6115,1.7098,12,3,1.3641,1.1735,0.8793,25,9,2.1659,1.6906,1.7694,24,10,1.8357,1.4108,1.5633,5,3,1.531,1.338,0.9104,61,21,1.7936,1.3134,1.5704
"NBack","3.2.0.2","04/04/2012","a","Adult","English","USC_CAR_Lab",118,1,"04/19/2022","13:51:33",NA,"PS","PARTICIPANT_COMPUTER","keyboard",30,3.671,-0.145,30,0,0.8774,0.8023,0.2656,10,0,0.8641,0.7967,0.3633,5,0,1.0154,1.0152,0.1231,5,0,0.9299,0.8135,0.2673,5,0,0.8379,0.7484,0.1627,5,0,0.7528,0.7899,0.0833,11,0,0.8991,0.8065,0.2484,11,0,0.8779,0.7429,0.3468,90,1.348,0.251,65,25,1.0081,0.9325,0.3208,25,5,0.9035,0.8301,0.2935,8,7,0.907,0.9169,0.2381,10,5,1.1162,1.0643,0.2202,12,3,1.0186,1.0225,0.1591,10,5,1.2293,1.1057,0.4828,25,9,1.0022,0.954,0.2317,24,10,0.9959,0.9407,0.275,0,8,-5,-5,-5,65,17,1.0081,0.9325,0.3208
"NBack","3.2.0.2","04/04/2012","a","Adult","English","USC_CAR_Lab",119,1,"05/02/2022","13:04:41",NA,"PS","PARTICIPANT_COMPUTER","keyboard",30,3.671,-0.145,30,0,0.8371,0.6255,0.8159,10,0,1.0696,0.5812,1.3634,5,0,0.6794,0.6255,0.1331,5,0,0.7455,0.7156,0.1663,5,0,0.7143,0.6614,0.1422,5,0,0.7444,0.6432,0.2151,11,0,1.102,0.6523,1.2847,11,0,0.6725,0.5933,0.2057,90,1.488,0.181,68,22,0.9089,0.7796,0.4399,25,5,0.7763,0.7628,0.1373,9,6,0.7488,0.7259,0.068,12,3,1.1932,0.8636,0.7729,9,6,0.7391,0.7254,0.0849,13,2,1.13,0.9613,0.4706,23,11,0.9077,0.7996,0.335,29,5,0.8422,0.7663,0.4878,5,3,1.0745,0.9327,0.3383,63,19,0.8958,0.7669,0.4444
"NBack","3.2.0.2","04/04/2012","a","Adult","English","USC_CAR_Lab",120,1,"08/19/2022","12:49:35",NA,"kk","PARTICIPANT_COMPUTER","keyboard",30,1.715,-0.11,25,5,0.8031,0.7797,0.1348,8,2,0.7769,0.7606,0.1332,3,2,0.9097,0.9737,0.198,5,0,0.7765,0.8065,0.0774,5,0,0.8452,0.7797,0.1173,4,1,0.7563,0.7708,0.0942,9,2,0.8153,0.8065,0.0835,10,1,0.7599,0.7408,0.152,90,2.744,0.289,81,9,0.9521,0.8576,0.3197,29,1,0.7869,0.7924,0.2233,10,5,1.1593,1.1062,0.3313,15,0,1.1,0.8576,0.3834,13,2,0.9166,0.8086,0.2591,14,1,1.0207,0.97,0.2707,31,3,0.9611,0.857,0.3242,32,2,0.9591,0.8489,0.3353,7,1,0.9408,0.857,0.2623,74,8,0.9532,0.8602,0.3246
"NBack","3.2.0.2","04/04/2012","a","Adult","English","USC_CAR_Lab",121,1,"04/29/2022","14:59:08",NA,"PS","PARTICIPANT_COMPUTER","keyboard",30,3.156,0.113,29,1,0.6327,0.5782,0.1676,10,0,0.6033,0.5781,0.1519,5,0,0.7188,0.7384,0.1139,5,0,0.6436,0.5822,0.1397,4,1,0.5024,0.5037,0.0244,5,0,0.6986,0.6107,0.2381,10,1,0.6686,0.5912,0.2043,11,0,0.5848,0.5338,0.1494,90,2.223,0.1,78,12,0.8096,0.7746,0.1759,27,3,0.7728,0.7668,0.1135,12,3,0.9048,0.8983,0.2563,14,1,0.791,0.7271,0.1281,12,3,0.8396,0.768,0.244,13,2,0.7902,0.7795,0.1135,30,4,0.8075,0.7383,0.2009,32,2,0.8192,0.7868,0.1567,1,7,0.6125,NA,0,77,5,0.8121,0.7757,0.1756
"NBack","3.2.0.2","04/04/2012","a","Adult","English","USC_CAR_Lab",123,1,"12/12/2022","13:58:55",NA,"KK","PARTICIPANT_COMPUTER","keyboard",30,1.938,-0.496,26,4,0.8075,0.7435,0.3217,7,3,0.6611,0.6707,0.209,4,1,1.1454,1.0218,0.475,5,0,0.9581,1.0623,0.2531,5,0,0.5516,0.5214,0.0605,5,0,0.8473,0.7734,0.1325,10,1,0.7868,0.8131,0.2502,10,1,0.724,0.6468,0.2092,90,0.342,-0.252,54,36,0.9164,0.7282,0.6705,14,16,0.7532,0.5885,0.3977,9,6,1.0982,0.8571,0.8339,10,5,0.7242,0.6775,0.338,12,3,1.1658,0.7527,0.9273,9,6,0.8695,0.6069,0.5306,22,12,0.9164,0.8507,0.5327,20,14,0.9463,0.5382,0.8775,2,6,0.4817,0.4817,0.1253,52,30,0.9331,0.729,0.6772
"NBack","3.2.0.2","04/04/2012","a","Adult","English","USC_CAR_Lab",124,1,"11/21/2022","17:37:21",NA,"kk","PARTICIPANT_COMPUTER","keyboard",30,2.482,0.449,26,4,0.6175,0.6099,0.1457,10,0,0.5875,0.5913,0.0867,3,2,0.7289,0.6603,0.2392,5,0,0.6766,0.6288,0.1683,4,1,0.5722,0.5725,0.1199,4,1,0.5806,0.57,0.0845,10,1,0.6172,0.5826,0.1321,11,0,0.5919,0.6288,0.1158,90,1.153,-0.247,67,23,1.0409,0.8678,0.783,19,11,0.8311,0.7774,0.2645,11,4,1.1855,1.05,0.5337,11,4,1.1121,0.8886,0.5974,14,1,1.2323,0.7292,1.4326,12,3,0.9519,0.9173,0.4309,25,9,1.0303,0.8428,0.5951,25,9,1.0525,0.793,1.0973,6,2,0.9068,0.9445,0.1653,61,21,1.0541,0.8526,0.8178
"NBack","3.2.0.2","04/04/2012","a","Adult","English","USC_CAR_Lab",125,1,"01/23/2023","14:10:22",NA,"kk","PARTICIPANT_COMPUTER","keyboard",30,2.277,-0.041,27,3,0.738,0.7017,0.1559,9,1,0.638,0.581,0.1116,4,1,0.8053,0.81,0.0824,4,1,0.7842,0.7887,0.1499,5,0,0.7859,0.7017,0.1666,5,0,0.7791,0.8483,0.1742,10,1,0.8265,0.898,0.1695,11,0,0.6621,0.6687,0.0955,90,0.58,-0.045,56,34,0.778,0.7882,0.1409,18,12,0.6931,0.6565,0.1538,8,7,0.8596,0.8629,0.1799,8,7,0.8124,0.8328,0.0684,10,5,0.8135,0.794,0.0924,12,3,0.7982,0.8206,0.0889,20,14,0.7931,0.8145,0.1382,23,11,0.7397,0.7175,0.1447,0,8,-5,-5,-5,56,26,0.778,0.7882,0.1409
"NBack","3.2.0.2","04/04/2012","a","Adult","English","USC_CAR_Lab",127,1,"12/13/2022","18:01:04",NA,"kk","PARTICIPANT_COMPUTER","keyboard",30,3.671,-0.145,30,0,0.6669,0.6378,0.1775,10,0,0.5507,0.5317,0.1704,5,0,0.7358,0.7113,0.1007,5,0,0.7809,0.7879,0.2312,5,0,0.673,0.6058,0.1131,5,0,0.7102,0.7353,0.0892,11,0,0.6813,0.6863,0.1839,11,0,0.6288,0.6117,0.1799,90,0.434,-0.298,56,34,0.9696,0.8881,0.4634,14,16,0.7704,0.7455,0.2006,10,5,0.9231,0.9937,0.3199,12,3,1.2365,0.9768,0.7968,13,2,0.9611,0.8881,0.301,7,8,0.9927,0.9973,0.1715,21,13,0.8828,0.8406,0.2589,21,13,1.1134,0.9809,0.659,4,4,0.9935,0.9746,0.2758,52,30,0.9678,0.8736,0.4747
"NBack","3.2.0.2","04/04/2012","a","Adult","English","USC_CAR_Lab",131,1,"10/30/2023","12:45:22",NA,"UF","PARTICIPANT_COMPUTER","keyboard",30,2.277,-0.041,27,3,0.3936,0.3891,0.0818,9,1,0.3549,0.326,0.0898,4,1,0.4395,0.448,0.0453,4,1,0.4536,0.4539,0.0456,5,0,0.3587,0.3632,0.0453,5,0,0.4132,0.3631,0.086,9,2,0.4329,0.405,0.0955,10,1,0.369,0.3761,0.0644,90,1.646,-0.123,73,17,1.6539,1.4451,0.9186,23,7,1.081,0.8491,0.6296,12,3,1.9604,1.8139,0.7361,14,1,1.4396,1.2808,0.6021,11,4,1.7831,1.7625,0.6794,13,2,2.5061,2.3445,1.1398,30,4,1.6017,1.4129,0.7782,28,6,1.4625,1.3049,0.7733,4,4,1.5947,1.7725,0.6796,69,13,1.6573,1.4371,0.9305
"NBack","3.2.0.2","04/04/2012","a","Adult","English","USC_CAR_Lab",132,1,"10/09/2023","16:35:20",NA,"kk","PARTICIPANT_COMPUTER","keyboard",30,2.562,-0.184,28,2,0.4893,0.4846,0.0789,9,1,0.4639,0.4402,0.0825,4,1,0.5334,0.5037,0.0623,5,0,0.478,0.4835,0.0799,5,0,0.4814,0.4826,0.0307,5,0,0.5189,0.5464,0.0915,11,0,0.5197,0.5017,0.0757,11,0,0.4742,0.4826,0.0837,90,2.413,0.194,79,11,1.7001,1.3928,0.9642,28,2,1.5711,1.273,1.0713,12,3,1.6511,1.4413,0.8068,14,1,1.7463,1.6575,0.8386,11,4,1.9813,1.257,1.103,14,1,1.7329,1.4011,0.7959,31,3,1.6678,1.2801,0.9658,30,4,1.6285,1.3856,0.9347,5,3,2.17,1.954,1.0514,74,8,1.6683,1.3841,0.9497
"NBack","3.2.0.2","04/04/2012","a","Adult","English","USC_CAR_Lab",134,1,"12/19/2023","15:56:47",NA,"kk","PARTICIPANT_COMPUTER","keyboard",30,3.156,0.113,29,1,0.6934,0.6729,0.1395,10,0,0.6537,0.6246,0.1351,4,1,0.7578,0.7168,0.1781,5,0,0.7236,0.7395,0.0906,5,0,0.7677,0.7571,0.1421,5,0,0.6166,0.6403,0.0618,11,0,0.7568,0.7571,0.085,11,0,0.6487,0.6137,0.1418,90,0.7,0.35,53,37,0.987,1.0263,0.3169,23,7,0.8391,0.8254,0.3021,8,7,1.1573,1.2056,0.3121,6,9,1.078,1.0573,0.1667,9,6,1.0218,1.0758,0.3548,7,8,1.1556,1.1453,0.1465,19,15,0.9511,0.9423,0.2844,24,10,1.0152,1.0294,0.2962,4,4,1.1263,1.3028,0.4023,49,33,0.9756,0.9702,0.3061
"NBack","3.2.0.2","04/04/2012","a","Adult","English","USC_CAR_Lab",135,1,"11/20/2023","11:19:02",NA,"kk","PARTICIPANT_COMPUTER","keyboard",30,2.658,0.362,27,3,0.8135,0.7394,0.2507,10,0,0.7155,0.6736,0.1387,3,2,0.7553,0.7668,0.0857,4,1,0.8356,0.802,0.0942,5,0,0.9724,0.9656,0.2274,5,0,0.8677,0.638,0.4334,11,0,0.7971,0.6956,0.1879,10,1,0.8528,0.7486,0.3307,90,2.225,0.288,76,14,1.7752,1.6567,0.7644,28,2,1.6552,1.4967,0.8745,11,4,2.0754,1.8489,0.771,12,3,1.9583,2.0011,0.5798,13,2,1.7047,1.6709,0.4782,12,3,1.6733,1.265,0.7889,30,4,1.7204,1.5926,0.7128,29,5,1.9781,1.9134,0.8327,4,4,1.9603,1.9603,0.6474,72,10,1.7649,1.6567,0.7691
"NBack","3.2.0.2","04/04/2012","a","Adult","English","USC_CAR_Lab",136,1,"12/19/2023","13:13:16",NA,"UF","PARTICIPANT_COMPUTER","keyboard",30,2.277,-0.041,27,3,0.7148,0.7118,0.1367,9,1,0.7368,0.7637,0.1331,3,2,0.7422,0.6381,0.1769,5,0,0.6965,0.7151,0.0403,5,0,0.7772,0.7118,0.1663,5,0,0.6148,0.5805,0.0733,10,1,0.7353,0.7079,0.1525,11,0,0.679,0.7118,0.0785,90,1.646,-0.123,73,17,0.8562,0.7568,0.4244,23,7,0.742,0.6983,0.185,11,4,1.1401,0.917,0.8826,13,2,0.9219,0.8283,0.3284,13,2,0.8159,0.7209,0.2278,13,2,0.793,0.7726,0.176,29,5,0.8631,0.7798,0.273,27,7,0.9041,0.7117,0.6226,4,4,0.9299,0.658,0.4907,69,13,0.852,0.7675,0.4199
"NBack","3.2.0.2","04/04/2012","a","Adult","English","UIC-IJR",1903,1,"02/20/2019","12:54:19",NA,"Jw","IJR-235a","keyboard",30,2.87,0.255,28,2,0.7673,0.6981,0.1787,10,0,0.6851,0.6729,0.1077,3,2,0.9457,1.0375,0.1376,5,0,0.7464,0.6848,0.2186,5,0,0.7969,0.8458,0.0747,5,0,0.8159,0.6828,0.2335,11,0,0.8183,0.7033,0.1775,11,0,0.6803,0.6633,0.1461,90,0.46,-0.149,55,35,1.0292,0.9732,0.2744,16,14,0.9324,0.8893,0.2245,8,7,1.0751,1.0353,0.2433,12,3,1.1681,1.027,0.3755,10,5,0.9702,0.9371,0.1779,9,6,1.0404,1.1107,0.2156,22,12,0.993,0.9547,0.2249,21,13,1.0185,0.9544,0.3369,6,2,1.0541,1.0686,0.1959,49,33,1.0261,0.969,0.2824
"NBack","3.2.0.2","04/04/2012","a","Adult","English","UIC-IJR",1912,1,"08/08/2019","15:13:49",NA,"rs","IJR-235a","keyboard",30,2.213,-0.359,27,3,0.614,0.6206,0.1549,8,2,0.5367,0.5436,0.1444,4,1,0.6987,0.6747,0.1141,5,0,0.645,0.6272,0.0887,5,0,0.6581,0.5859,0.2155,5,0,0.5949,0.5471,0.1137,10,1,0.618,0.6598,0.131,10,1,0.6516,0.6025,0.1965,90,0.843,0.504,53,37,1.7583,1.4356,0.9951,25,5,1.5406,1.1259,0.83,4,11,2.6496,2.2487,1.509,5,10,2.3306,1.82,0.9689,10,5,1.598,1.1326,0.9787,9,6,1.827,1.8085,0.7873,19,15,1.8279,1.7491,0.8019,22,12,1.6026,1.1072,1.0147,4,4,2.5661,2.3796,0.7339,49,33,1.6924,1.2629,0.9846
"NBack","3.2.0.2","04/04/2012","a","Adult","English","UIC-IJR",1917,1,"10/18/2018","16:20:09",NA,"JW","IJR-235a","keyboard",30,2.328,0.527,25,5,0.6081,0.5756,0.1641,10,0,0.5152,0.4996,0.1367,1,4,0.8186,NA,0,4,1,0.6026,0.5966,0.0759,5,0,0.6211,0.6092,0.0848,5,0,0.7433,0.6247,0.2021,10,1,0.6101,0.5895,0.1596,10,1,0.5813,0.5417,0.1848,90,1.376,0.523,61,29,1.455,1.2819,0.5557,27,3,1.2853,1.2093,0.3601,7,8,1.3867,1.1868,0.4376,10,5,1.3223,1.3667,0.3535,8,7,2.0408,1.7467,0.9477,9,6,1.6439,1.4059,0.4097,23,11,1.2971,1.1737,0.5139,24,10,1.5884,1.2894,0.6079,0,8,-5,-5,-5,61,21,1.455,1.2819,0.5557
"NBack","3.2.0.2","04/04/2012","a","Adult","English","UIC-IJR",1928,1,"04/17/2019","12:29:02",NA,"jw","IJR-235a","keyboard",30,3.156,0.113,29,1,0.5543,0.599,0.1371,10,0,0.5175,0.4481,0.1763,5,0,0.6152,0.6115,0.0739,5,0,0.5571,0.5995,0.0917,4,1,0.6318,0.6407,0.0787,5,0,0.5022,0.4822,0.119,11,0,0.5202,0.4822,0.143,10,1,0.5308,0.6008,0.1319,90,2.07,0.023,77,13,1.2854,1.1037,0.523,26,4,1.2342,1.0231,0.5937,11,4,1.334,1.2118,0.4932,14,1,1.2081,1.1244,0.3015,13,2,1.3546,1.0693,0.6944,13,2,1.3611,1.3929,0.3245,30,4,1.2059,1.0158,0.5604,27,7,1.3059,1.1433,0.5857,6,2,1.1857,1.1098,0.2496,71,11,1.2939,1.1037,0.539
"NBack","3.2.0.2","04/04/2012","a","Adult","English","UIC-IJR",1966,1,"06/26/2019","15:07:15",NA,"jw","IJR-235a","keyboard",30,2.87,0.255,28,2,0.7327,0.6707,0.2653,10,0,0.6357,0.6303,0.1681,3,2,0.9171,0.884,0.0488,5,0,0.9204,0.7217,0.4586,5,0,0.6524,0.6196,0.1594,5,0,0.709,0.6837,0.138,11,0,0.8292,0.7925,0.3451,10,1,0.6656,0.6376,0.1629,90,2.978,-0.088,85,5,0.6919,0.6609,0.1606,28,2,0.631,0.6166,0.156,12,3,0.7333,0.6972,0.1813,15,0,0.7268,0.6856,0.145,15,0,0.6844,0.6624,0.1131,15,0,0.7453,0.706,0.1682,30,4,0.7198,0.671,0.1791,33,1,0.6855,0.6654,0.152,8,0,0.7831,0.7868,0.0958,77,5,0.6825,0.6543,0.163
"NBack","3.2.0.2","04/04/2012","a","Adult","English","UIC-IJR",1968,1,"11/01/2018","11:28:07",NA,"jw","IJR-235a","keyboard",30,2.482,0.449,26,4,0.7537,0.709,0.4074,10,0,0.6197,0.6289,0.1675,3,2,1.3337,0.684,0.9361,4,1,0.7658,0.7783,0.0956,4,1,0.7486,0.7808,0.1314,5,0,0.6681,0.712,0.1223,8,3,0.7476,0.7493,0.1244,11,0,0.6269,0.6268,0.1297,90,3.718,0.282,87,3,0.6523,0.6324,0.1751,30,0,0.5351,0.531,0.1365,14,1,0.7714,0.7386,0.1536,13,2,0.7053,0.7018,0.1136,15,0,0.6422,0.6149,0.1287,15,0,0.7395,0.6766,0.1997,32,2,0.6246,0.588,0.157,33,1,0.6592,0.6502,0.183,7,1,0.7457,0.6549,0.243,80,2,0.6441,0.6274,0.1653
"NBack","3.2.0.2","04/04/2012","a","Adult","English","UIC-IJR",1969,1,"03/13/2019","16:21:13",NA,"jw","IJR-235a","keyboard",30,2.562,-0.184,28,2,0.5816,0.5818,0.1387,9,1,0.4625,0.4684,0.0853,4,1,0.6064,0.6044,0.0402,5,0,0.7315,0.727,0.1508,5,0,0.6442,0.6006,0.1249,5,0,0.5637,0.5675,0.047,9,2,0.6105,0.5961,0.169,11,0,0.5584,0.5176,0.1455,90,2.665,-0.407,83,7,0.8728,0.8161,0.24,25,5,0.7945,0.7721,0.1376,13,2,0.8879,0.82,0.1569,15,0,0.9281,0.8589,0.2352,15,0,0.864,0.8022,0.1966,15,0,0.9434,0.7953,0.3916,31,3,0.8059,0.7985,0.1187,32,2,0.9034,0.8539,0.1714,8,0,0.8288,0.8268,0.0586,75,7,0.8774,0.8161,0.2513
"NBack","3.2.0.2","04/04/2012","a","Adult","English","UIC-IJR",1974,1,"01/14/2019","12:28:59",NA,"rs","IJR-235a","keyboard",30,2.87,0.255,28,2,0.5591,0.5227,0.1661,10,0,0.5277,0.4597,0.2301,3,2,0.678,0.6051,0.1584,5,0,0.5487,0.5231,0.094,5,0,0.5682,0.5197,0.0681,5,0,0.5518,0.5222,0.097,11,0,0.5916,0.6041,0.203,10,1,0.512,0.4807,0.1481,90,1.328,-0.419,70,20,0.7661,0.7418,0.1979,18,12,0.6481,0.5543,0.2174,13,2,0.8462,0.9139,0.1572,13,2,0.8192,0.822,0.1261,14,1,0.7489,0.7505,0.1585,12,3,0.8186,0.7698,0.2242,25,9,0.8051,0.7592,0.2188,28,6,0.74,0.7408,0.1621,6,2,0.7573,0.7941,0.1416,64,18,0.7669,0.7275,0.2024
"NBack","3.2.0.2","04/04/2012","a","Adult","English","UIC-IJR",1985,1,"06/23/2019","11:52:50",NA,"jw","IJR-235a","keyboard",30,1.539,-0.022,24,6,0.6479,0.618,0.1924,8,2,0.5069,0.5319,0.0949,1,4,0.6891,NA,0,5,0,0.7036,0.7449,0.2156,5,0,0.722,0.727,0.1642,5,0,0.7354,0.7153,0.2033,10,1,0.6064,0.5668,0.1756,9,2,0.6744,0.6185,0.1993,90,1.526,0.294,67,23,1.2434,1.0605,0.5988,26,4,0.8798,0.7574,0.2951,5,10,1.7276,1.6321,0.2307,10,5,1.2792,0.9365,0.6566,14,1,1.3569,1.1873,0.6511,12,3,1.6672,1.4922,0.5977,26,8,1.1675,0.9719,0.5706,26,8,1.2081,0.9821,0.5651,2,6,0.9784,0.9784,0.3356,65,17,1.2515,1.0605,0.6032
"NBack","3.2.0.2","04/04/2012","a","Adult","English","UIC-IJR",1992,1,"01/29/2019","18:27:22",NA,"jw","IJR-235a","keyboard",30,2.064,0.065,26,4,0.6588,0.6248,0.1368,9,1,0.6892,0.6324,0.1757,3,2,0.7135,0.6975,0.1006,5,0,0.6116,0.621,0.0804,5,0,0.6148,0.6199,0.084,4,1,0.6632,0.6546,0.1347,11,0,0.6757,0.6403,0.0841,10,1,0.6654,0.5732,0.1945,90,1.882,0.117,74,16,0.8586,0.7978,0.2706,26,4,0.758,0.6493,0.2872,10,5,0.943,0.8726,0.311,12,3,0.8723,0.8297,0.17,13,2,0.9424,0.8541,0.2781,13,2,0.8984,0.8314,0.197,29,5,0.8717,0.8182,0.2841,28,6,0.8299,0.742,0.263,6,2,1.0031,0.9522,0.1992,68,14,0.8458,0.7854,0.2723
"NBack","3.2.0.2","04/04/2012","a","Adult","English","UIC-IJR",1995,1,"02/05/2019","18:33:47",NA,"jw","IJR-235a","keyboard",30,3.156,0.113,29,1,0.5096,0.494,0.1149,10,0,0.5491,0.56,0.113,5,0,0.5525,0.572,0.1339,5,0,0.4158,0.4068,0.0257,5,0,0.5079,0.494,0.1014,4,1,0.4766,0.4392,0.0967,11,0,0.509,0.4664,0.1098,10,1,0.5346,0.5319,0.0987,90,2.397,-0.141,81,9,0.735,0.6976,0.1788,26,4,0.6809,0.6713,0.1852,13,2,0.7331,0.6762,0.1216,14,1,0.7195,0.6849,0.0939,15,0,0.7265,0.6994,0.1631,13,2,0.8715,0.9289,0.2254,34,0,0.737,0.7108,0.1761,28,6,0.6813,0.6644,0.1439,6,2,0.776,0.7442,0.1017,75,7,0.7317,0.6849,0.1832
"NBack","3.2.0.2","04/04/2012","a","Adult","English","UIC-IJR",2910,1,"12/21/2018","16:33:16",NA,"jw","IJR-235a","keyboard",30,2.213,-0.359,27,3,0.8642,0.7375,0.3158,8,2,0.7786,0.7211,0.1239,5,0,0.8788,0.7252,0.2136,4,1,1.2378,1.0007,0.5658,5,0,0.7691,0.8176,0.0996,5,0,0.783,0.7257,0.2512,10,1,1.0498,0.8904,0.4385,11,0,0.7476,0.7273,0.1108,90,0.714,-0.357,61,29,1.5086,1.1472,0.8495,15,15,1.4761,1.0509,0.8996,10,5,1.5446,1.0933,1.0568,11,4,1.4041,1.4533,0.3302,13,2,1.5571,1.1357,1.0586,12,3,1.5625,1.6447,0.6278,21,13,1.6101,1.2909,0.7821,23,11,1.4748,1.1223,0.9464,4,4,1.6089,1.035,1.1659,57,25,1.5016,1.1541,0.8223
"NBack","3.2.0.2","04/04/2012","a","Adult","English","UIC-IJR",2914,1,"02/01/2019","12:07:40",NA,"jw","IJR-235a","keyboard",30,2.729,-0.616,28,2,0.5534,0.5167,0.1425,8,2,0.5414,0.495,0.1078,5,0,0.6818,0.628,0.1915,5,0,0.4917,0.4702,0.0673,5,0,0.4957,0.4957,0.0712,5,0,0.5639,0.5465,0.1579,10,1,0.5124,0.5251,0.0809,10,1,0.537,0.5226,0.0878,90,2.646,0.078,82,8,0.7121,0.6805,0.1436,28,2,0.647,0.6156,0.1151,13,2,0.7571,0.7679,0.1691,12,3,0.7777,0.7451,0.1224,14,1,0.7483,0.7354,0.1451,15,0,0.7086,0.6629,0.1315,30,4,0.7398,0.6897,0.1742,30,4,0.7126,0.6757,0.1217,7,1,0.7429,0.7152,0.1144,75,7,0.7093,0.6745,0.1457
"NBack","3.2.0.2","04/04/2012","a","Adult","English","UIC-IJR",2919,1,"11/13/2018","12:02:48",NA,"rs","IJR-235a","keyboard",30,2.87,0.255,28,2,0.6987,0.6224,0.1891,10,0,0.6627,0.639,0.0909,3,2,0.6645,0.6147,0.1437,5,0,0.581,0.5667,0.0654,5,0,0.8309,0.8619,0.2556,5,0,0.7768,0.6506,0.247,11,0,0.8185,0.7058,0.2262,11,0,0.6248,0.5857,0.1068,90,2.397,-0.141,81,9,0.7926,0.7448,0.2047,26,4,0.7226,0.6935,0.1883,13,2,0.8751,0.808,0.2257,15,0,0.89,0.8173,0.2585,14,1,0.7968,0.7718,0.1243,13,2,0.7334,0.7133,0.1197,31,3,0.8459,0.8188,0.263,30,4,0.7711,0.7718,0.1659,8,0,0.9248,0.9166,0.1289,73,9,0.7782,0.7418,0.2063
"NBack","3.2.0.2","04/04/2012","a","Adult","English","UIC-IJR",2927,1,"05/20/2019","11:09:23",NA,"jps","IJR-235a","keyboard",30,2.562,-0.184,28,2,0.4861,0.4483,0.0979,9,1,0.4833,0.4828,0.0574,4,1,0.5917,0.6097,0.1218,5,0,0.4557,0.4094,0.0972,5,0,0.4433,0.4422,0.0219,5,0,0.4795,0.4261,0.1194,10,1,0.5113,0.4755,0.1205,11,0,0.4561,0.4422,0.0606,90,2.66,-0.119,83,7,0.5374,0.5243,0.1205,27,3,0.5086,0.4745,0.1177,12,3,0.559,0.5789,0.1212,14,1,0.5828,0.5862,0.0867,15,0,0.5324,0.5356,0.111,15,0,0.5348,0.4931,0.1432,30,4,0.5107,0.4923,0.1066,34,0,0.5819,0.5901,0.1261,6,2,0.5521,0.562,0.14,77,5,0.5363,0.5228,0.1188
"NBack","3.2.0.2","04/04/2012","a","Adult","English","UIC-IJR",2942,1,"02/28/2019","11:09:42",NA,"jw","IJR-235a","keyboard",30,3.671,-0.145,30,0,0.521,0.5121,0.1061,10,0,0.4691,0.4154,0.1198,5,0,0.6478,0.6059,0.089,5,0,0.4713,0.4756,0.0428,5,0,0.5193,0.5206,0.0226,5,0,0.5491,0.5187,0.0619,11,0,0.5173,0.4895,0.1146,11,0,0.4792,0.4756,0.0913,90,2.635,-0.26,83,7,0.6545,0.637,0.1772,26,4,0.6116,0.6108,0.1858,13,2,0.7489,0.7071,0.195,15,0,0.6639,0.637,0.1785,14,1,0.633,0.6261,0.1267,15,0,0.6576,0.678,0.1504,31,3,0.6964,0.6892,0.1983,31,3,0.6327,0.6211,0.1715,8,0,0.7096,0.7762,0.1723,75,7,0.6486,0.6354,0.1766
"NBack","3.2.0.2","04/04/2012","a","Adult","English","UIC-IJR",2948,1,"11/28/2018","18:08:47",NA,"rs","IJR-235a","keyboard",30,3.156,0.113,29,1,0.5585,0.5404,0.1213,10,0,0.5408,0.5653,0.1211,5,0,0.6407,0.6506,0.0776,5,0,0.5296,0.4799,0.1011,4,1,0.5105,0.4528,0.1449,5,0,0.5792,0.5404,0.1114,11,0,0.5706,0.5404,0.1052,11,0,0.5352,0.48,0.1329,90,1.82,-0.102,75,15,0.7901,0.7633,0.1961,24,6,0.7326,0.7265,0.1947,13,2,0.8382,0.8668,0.1986,14,1,0.7414,0.7484,0.1483,13,2,0.8154,0.7508,0.2116,11,4,0.8904,0.7889,0.1679,28,6,0.7953,0.7603,0.1727,28,6,0.7846,0.7842,0.2087,6,2,0.8554,0.8293,0.1092,69,13,0.7844,0.7573,0.2009
"NBack","3.2.0.2","04/04/2012","a","Adult","English","UIC-IJR",2950,1,"10/25/2018","10:21:34",NA,"rs","IJR-235a","keyboard",30,2.562,-0.184,28,2,0.3907,0.3651,0.0925,9,1,0.3781,0.3492,0.1124,4,1,0.4014,0.3917,0.0674,5,0,0.3608,0.346,0.0657,5,0,0.449,0.4876,0.0971,5,0,0.3765,0.4069,0.0536,9,2,0.3987,0.3639,0.083,11,0,0.3779,0.3936,0.0759,90,2.978,-0.088,85,5,1.1211,0.9329,0.6724,28,2,0.881,0.8617,0.4329,12,3,1.4654,1.0212,1.0759,15,0,1.2232,1.1532,0.4846,15,0,1.081,0.821,0.5644,15,0,1.2315,0.9347,0.7113,34,0,1.217,0.9485,0.8671,30,4,1.1294,0.9228,0.5768,7,1,1.1589,1.3697,0.3967,78,4,1.1177,0.9238,0.6917
"NBack","3.2.0.2","04/04/2012","a","Adult","English","UIC-IJR",2959,1,"07/23/2019","15:10:55",NA,"jw","IJR-235a","keyboard",30,1.235,-0.848,23,7,0.6594,0.6432,0.1206,4,6,0.6993,0.6921,0.0845,5,0,0.7318,0.7402,0.1182,5,0,0.6256,0.5712,0.1212,5,0,0.619,0.6432,0.0873,4,1,0.6217,0.632,0.1343,9,2,0.6879,0.6432,0.109,7,4,0.6446,0.6081,0.1338,90,0.802,-0.482,63,27,0.6627,0.5807,0.3435,14,16,0.6238,0.5114,0.2535,12,3,0.5886,0.6282,0.1781,10,5,0.616,0.6077,0.2374,14,1,0.6498,0.5665,0.2554,13,2,0.823,0.5973,0.5705,21,13,0.7121,0.6993,0.2878,23,11,0.6111,0.5931,0.2225,5,3,0.8602,0.5016,0.843,58,24,0.6457,0.5992,0.2515
"NBack","3.2.0.2","04/04/2012","a","Adult","English","UIC-IJR",2974,1,"11/30/2018","17:36:32",NA,"jw","IJR-235a","keyboard",30,2.87,0.255,28,2,0.5946,0.5572,0.1717,10,0,0.5381,0.5186,0.1608,3,2,0.7167,0.5553,0.2555,5,0,0.5935,0.5903,0.0862,5,0,0.5737,0.5282,0.104,5,0,0.6565,0.5788,0.191,11,0,0.6713,0.6091,0.1656,11,0,0.5847,0.5553,0.1667,90,1.394,0.228,66,24,0.7714,0.7491,0.2011,25,5,0.7432,0.7159,0.1833,8,7,0.8985,0.9182,0.1555,10,5,0.7835,0.7715,0.149,12,3,0.6925,0.6554,0.2361,11,4,0.8179,0.7763,0.2121,25,9,0.796,0.8008,0.221,27,7,0.7321,0.7328,0.1519,5,3,0.8598,0.8038,0.2683,61,21,0.7641,0.7472,0.1927
"NBack","3.2.0.2","04/04/2012","a","Adult","English","UIC-IJR",2976,1,"05/21/2019","12:28:27",NA,"jw","IJR-235a","keyboard",30,3.671,-0.145,30,0,0.6593,0.651,0.1484,10,0,0.6133,0.5997,0.1765,5,0,0.743,0.6854,0.1642,5,0,0.6435,0.6351,0.08,5,0,0.7096,0.6822,0.1213,5,0,0.6329,0.6087,0.0843,11,0,0.6913,0.6822,0.1481,11,0,0.5711,0.5477,0.0909,90,1.937,-0.043,76,14,1.7682,1.6805,0.7439,25,5,1.6214,1.522,0.7116,9,6,1.8785,1.7119,0.8243,15,0,1.8839,2.0257,0.604,13,2,1.7382,1.6267,0.6706,14,1,1.8632,1.6606,0.8857,29,5,1.7583,1.7032,0.8187,29,5,1.7088,1.629,0.5672,6,2,1.8621,1.6334,0.8463,70,12,1.7601,1.6805,0.7339
"NBack","3.2.0.2","04/04/2012","a","Adult","English","UIC-IJR",2978,1,"05/02/2019","10:08:17",NA,"jw","IJR-235a","keyboard",30,3.156,0.113,29,1,0.5455,0.5164,0.1063,10,0,0.5267,0.5257,0.0966,4,1,0.5962,0.6056,0.0507,5,0,0.4884,0.4633,0.0459,5,0,0.4916,0.472,0.0966,5,0,0.6539,0.696,0.1127,11,0,0.5323,0.508,0.0922,11,0,0.5483,0.5164,0.1115,90,2.849,-0.024,84,6,0.8221,0.7843,0.2169,28,2,0.7411,0.7187,0.1703,13,2,0.9432,0.8951,0.2214,15,0,0.8153,0.8065,0.1831,15,0,0.8784,0.8299,0.2168,13,2,0.8183,0.7346,0.2589,32,2,0.8508,0.7886,0.2305,32,2,0.7828,0.7843,0.2061,7,1,0.8131,0.8105,0.1301,77,5,0.8229,0.778,0.2231
"NBack","3.2.0.2","04/04/2012","a","Adult","English","UIC-IJR",3902,1,"04/16/2019","18:30:23",NA,"jw","IJR-235a","keyboard",30,1.888,0.153,25,5,0.7478,0.7202,0.1407,9,1,0.7367,0.702,0.1889,3,2,0.7676,0.7688,0.097,4,1,0.6663,0.6701,0.0475,4,1,0.7935,0.7911,0.0944,5,0,0.7843,0.7861,0.1068,8,3,0.7362,0.7224,0.079,11,0,0.7289,0.7269,0.1283,90,0.087,-0.206,49,41,0.9159,0.8413,0.307,13,17,0.8695,0.7558,0.3729,8,7,0.8406,0.7715,0.1877,9,6,0.8741,0.8931,0.1942,11,4,0.9039,0.9368,0.1564,8,7,1.1299,0.9871,0.4276,17,17,0.8766,0.8099,0.2134,18,16,0.8892,0.8241,0.322,6,2,0.9397,0.9267,0.1344,43,39,0.9125,0.8241,0.3237
"NBack","3.2.0.2","04/04/2012","a","Adult","English","UIC-IJR",3916,1,"06/05/2019","12:54:13",NA,"jw","IJR-235a","keyboard",30,2.277,-0.041,27,3,0.7368,0.7365,0.1659,9,1,0.7166,0.6613,0.098,3,2,0.7769,0.8592,0.124,5,0,0.7111,0.7466,0.0906,5,0,0.9312,1.0166,0.2065,5,0,0.5805,0.5516,0.0821,10,1,0.749,0.6958,0.1877,10,1,0.6983,0.6335,0.1691,90,1.761,-0.28,75,15,0.7747,0.6961,0.2671,22,8,0.6802,0.6922,0.1229,12,3,0.9568,0.8334,0.3981,13,2,0.7153,0.7036,0.104,15,0,0.8422,0.7051,0.3046,13,2,0.7481,0.6359,0.2581,26,8,0.7771,0.7556,0.1859,30,4,0.808,0.659,0.3562,7,1,0.8826,0.8607,0.2687,68,14,0.7636,0.6908,0.2644
"NBack","3.2.0.2","04/04/2012","a","Adult","English","UIC-IJR",3917,1,"06/17/2019","15:19:13",NA,"jw","IJR-235a","keyboard",30,2.482,0.449,26,4,0.7844,0.7482,0.1767,10,0,0.7219,0.7304,0.1441,4,1,0.8763,0.7441,0.2824,4,1,0.7818,0.8151,0.0991,3,2,0.724,0.6936,0.0872,5,0,0.8743,0.9419,0.141,9,2,0.7911,0.7482,0.1273,10,1,0.7364,0.7304,0.145,90,1.212,-0.006,66,24,1.3819,1.238,0.5761,22,8,0.9806,0.8492,0.4407,10,5,1.7541,1.6597,0.5257,12,3,1.5198,1.429,0.4515,11,4,1.6072,1.2752,0.625,11,4,1.4703,1.3811,0.4598,24,10,1.3477,1.2045,0.4984,29,5,1.416,1.2633,0.6263,0,8,-5,-5,-5,66,16,1.3819,1.238,0.5761
"NBack","3.2.0.2","04/04/2012","a","Adult","English","UIC-IJR",3918,1,"07/03/2019","16:25:38",NA,"jw","IJR-235a","keyboard",30,1.888,0.153,25,5,0.6142,0.6004,0.1324,9,1,0.6046,0.6004,0.1376,2,3,0.7001,0.7001,0.1546,5,0,0.5758,0.5817,0.1077,4,1,0.6879,0.718,0.0971,5,0,0.5767,0.5562,0.1203,10,1,0.579,0.569,0.1369,11,0,0.6594,0.6869,0.1273,90,2.062,0.37,73,17,1.5646,1.4258,0.6989,28,2,1.2853,1.1801,0.4894,8,7,1.5088,1.4426,0.3823,12,3,1.6989,1.4489,0.7391,11,4,1.8887,1.5507,0.8795,14,1,1.7856,1.5766,0.7771,26,8,1.4365,1.411,0.5462,30,4,1.7263,1.3987,0.8828,5,3,1.4039,1.4982,0.2147,68,14,1.5765,1.411,0.7204
"NBack","3.2.0.2","04/04/2012","a","Adult","English","UIC-IJR",3919,1,"07/18/2019","18:26:21",NA,"jw","IJR-235a","keyboard",30,1.594,0.3,23,7,0.6406,0.5717,0.2498,9,1,0.4969,0.5619,0.1728,3,2,1.0368,1.1038,0.1713,2,3,0.7426,0.7426,0.0035,4,1,0.7525,0.7077,0.2172,5,0,0.5311,0.485,0.1432,8,3,0.5096,0.5412,0.1129,9,2,0.7166,0.7392,0.2401,90,0.844,-0.093,61,29,1.236,0.9717,0.846,19,11,0.9992,0.8044,0.4956,7,8,0.9472,0.9086,0.2542,11,4,1.667,1.1665,1.274,10,5,1.4669,1.1381,1.1669,14,1,1.198,0.9863,0.4491,25,9,1.1645,0.885,0.8429,20,14,1.2785,1.0196,0.8353,5,3,1.1035,0.8524,0.5588,56,26,1.2478,0.9783,0.866
"NBack","3.2.0.2","04/04/2012","a","Adult","English","UIC-IJR",3920,1,"07/10/2019","09:38:16",NA,"jw","IJR-235a","keyboard",30,3.156,0.113,29,1,0.4226,0.4046,0.0797,10,0,0.4251,0.4008,0.1001,4,1,0.4795,0.4753,0.0783,5,0,0.3933,0.3652,0.0508,5,0,0.3987,0.384,0.0488,5,0,0.4254,0.4412,0.0544,10,1,0.3992,0.4061,0.0492,11,0,0.4385,0.4046,0.0943,90,0.621,0.019,56,34,0.8571,0.8448,0.2453,19,11,0.8256,0.8285,0.1779,11,4,0.946,0.8849,0.3072,7,8,0.8474,0.8093,0.2378,8,7,0.7964,0.8153,0.1421,11,4,0.8732,0.9222,0.3065,23,11,0.8869,0.8481,0.2043,16,18,0.806,0.7455,0.2851,3,5,0.9263,0.8758,0.2718,53,29,0.8532,0.843,0.2431
"NBack","3.2.0.2","04/04/2012","a","Adult","English","UIC-IJR",3921,1,"08/01/2019","10:16:13",NA,"jw","IJR-235a","keyboard",30,3.156,0.113,29,1,0.605,0.6232,0.1308,10,0,0.5523,0.5634,0.1621,4,1,0.6117,0.5742,0.1069,5,0,0.6206,0.6232,0.1343,5,0,0.6747,0.7077,0.067,5,0,0.6199,0.5899,0.0636,10,1,0.627,0.6609,0.1223,11,0,0.583,0.5899,0.111,90,1.646,-0.123,73,17,0.9425,0.9232,0.1722,23,7,0.8895,0.8896,0.1941,12,3,1.0581,0.9582,0.1884,14,1,0.9269,0.9195,0.1514,13,2,0.925,0.9194,0.1406,11,4,0.9676,0.9355,0.071,27,7,0.9518,0.9277,0.2044,29,5,0.9245,0.9218,0.1647,7,1,0.9952,0.9428,0.1035,66,16,0.9369,0.9207,0.1771
"NBack","3.2.0.2","04/04/2012","a","Adult","English","UIC-IJR",3922,1,"07/05/2019","09:49:29",NA,"rs","IJR-235a","keyboard",30,3.671,-0.145,30,0,0.4165,0.4061,0.0806,10,0,0.3969,0.3867,0.0783,5,0,0.4945,0.481,0.1071,5,0,0.4345,0.4291,0.063,5,0,0.3851,0.4053,0.0313,5,0,0.3913,0.4029,0.0389,11,0,0.4197,0.4272,0.0657,11,0,0.4061,0.4029,0.0632,90,2.372,0.025,80,10,0.4976,0.4347,0.1922,27,3,0.4003,0.3569,0.1096,11,4,0.6085,0.6324,0.165,14,1,0.6084,0.4823,0.3105,14,1,0.5097,0.4954,0.0978,14,1,0.475,0.447,0.1406,34,0,0.5084,0.4625,0.1581,28,6,0.5304,0.4594,0.2544,7,1,0.5277,0.5191,0.1395,73,9,0.4947,0.4316,0.1963
"NBack","3.2.0.2","04/04/2012","a","Adult","English","UIC-IJR",3923,1,"07/19/2019","12:55:42",NA,"jw","IJR-235a","keyboard",30,3.156,0.113,29,1,0.7122,0.6824,0.1512,10,0,0.6433,0.6229,0.13,4,1,0.8028,0.8109,0.099,5,0,0.7571,0.6848,0.1928,5,0,0.6814,0.6707,0.0261,5,0,0.7632,0.7418,0.1774,11,0,0.6829,0.6707,0.114,11,0,0.7854,0.7204,0.1881,90,1.825,0.145,73,17,1.0876,1.0313,0.246,26,4,1.0691,1.0255,0.2214,12,3,1.0614,1.026,0.1653,11,4,1.2455,1.1995,0.3671,12,3,1.0658,1.0413,0.1669,12,3,1.0309,0.9842,0.2353,29,5,1.1362,1.0857,0.2681,25,9,1.0616,1.0284,0.2026,5,3,1.1432,1.0448,0.1992,68,14,1.0835,1.0302,0.2486
"NBack","3.2.0.2","04/04/2012","a","Adult","English","UIC-IJR",3924,1,"07/25/2019","19:00:00",NA,"jw","IJR-235a","keyboard",30,2.658,0.362,27,3,0.834,0.7912,0.2098,10,0,0.7594,0.6756,0.211,2,3,1.124,1.124,0.1823,5,0,0.9043,0.8834,0.1781,5,0,0.8409,0.7912,0.1804,5,0,0.79,0.8,0.1391,11,0,0.7622,0.7456,0.1464,10,1,0.8239,0.8198,0.2016,90,0.885,0.064,60,30,1.0341,0.984,0.3919,21,9,0.9725,0.9721,0.301,7,8,1.0718,0.8887,0.4282,12,3,1.0287,1.0057,0.2868,10,5,1.1704,1.0256,0.6557,10,5,1.0074,1.0055,0.2143,23,11,1.1061,1.0541,0.2975,25,9,1.0016,0.8828,0.4966,3,5,1.0558,0.9517,0.2348,57,25,1.033,0.9878,0.3984
"NBack","3.2.0.2","04/04/2012","a","Adult","English","UIC-IJR",3926,1,"09/11/2019","09:10:03",NA,"jw","IJR-235a","keyboard",30,2.064,0.065,26,4,0.7477,0.7138,0.1984,9,1,0.7333,0.7278,0.1308,3,2,0.8113,0.7405,0.2142,4,1,0.6179,0.6111,0.0654,5,0,0.8932,0.8462,0.3016,5,0,0.694,0.6886,0.108,10,1,0.7622,0.7134,0.1564,11,0,0.6852,0.6234,0.1429,90,0.708,0.062,57,33,1.0118,0.9192,0.4769,20,10,0.8528,0.7933,0.2627,5,10,0.9676,1.0161,0.1702,11,4,1.118,0.8263,0.7738,12,3,1.1525,1.035,0.5025,9,6,1.0723,1.0785,0.3183,20,14,1.0462,0.9139,0.6031,23,11,0.9697,0.8116,0.4395,2,6,0.9568,0.9568,0.1379,55,27,1.0138,0.9192,0.4847
"NBack","3.2.0.2","04/04/2012","a","Adult","English","UIC-IJR",3927,1,"09/09/2019","14:30:41",NA,"jw","IJR-235a","keyboard",30,1.928,-0.216,26,4,0.7079,0.6588,0.1973,8,2,0.7334,0.6382,0.2526,4,1,0.6859,0.6631,0.0697,5,0,0.7373,0.6475,0.1908,4,1,0.6072,0.6317,0.0733,5,0,0.736,0.8198,0.2111,7,4,0.7569,0.6701,0.186,11,0,0.6957,0.6246,0.2197,90,1.845,-0.322,76,14,1.3467,1.1119,0.7054,22,8,1.0821,0.9899,0.4482,11,4,1.573,1.4439,0.8282,14,1,1.413,1.3074,0.6679,14,1,1.3584,0.914,0.8441,15,0,1.496,1.2241,0.6893,28,6,1.5586,1.4465,0.8098,29,5,1.246,1.0533,0.6772,7,1,1.215,1.0799,0.5436,69,13,1.36,1.1452,0.7184
"NBack","3.2.0.2","04/04/2012","a","Adult","English","UIC-IJR",3928,1,"10/09/2019","10:27:39",NA,"jw","IJR-235a","keyboard",30,3.671,-0.145,30,0,0.663,0.6382,0.1701,10,0,0.6198,0.5613,0.2307,5,0,0.7636,0.7608,0.0813,5,0,0.6491,0.6501,0.0691,5,0,0.635,0.6559,0.0918,5,0,0.6908,0.6247,0.1784,11,0,0.7052,0.689,0.1374,11,0,0.622,0.5731,0.2206,90,1.401,0.7,58,32,0.882,0.8152,0.2646,28,2,0.7812,0.7006,0.24,6,9,1.106,1.0605,0.3338,6,9,0.9103,0.9084,0.1428,9,6,0.9632,0.8768,0.2564,9,6,0.9463,0.8661,0.2049,21,13,0.8006,0.7242,0.2651,25,9,0.9511,0.8974,0.2722,3,5,1.1184,1.1669,0.1894,55,27,0.8691,0.7994,0.262
"NBack","3.2.0.2","04/04/2012","a","Adult","English","UIC-IJR",3929,1,"10/02/2019","09:56:09",NA,"jw","IJR-235a","keyboard",30,2.482,0.449,26,4,0.6503,0.5805,0.1887,10,0,0.5982,0.5601,0.1177,2,3,1.0792,1.0792,0.2135,5,0,0.6312,0.6743,0.0632,4,1,0.7526,0.7967,0.1801,5,0,0.5202,0.5104,0.0682,10,1,0.6552,0.6274,0.1494,10,1,0.632,0.5973,0.1318,90,2.223,0.1,78,12,1.0857,0.9613,0.6095,27,3,0.9137,0.7153,0.5645,11,4,1.1522,1.2167,0.4115,15,0,1.056,0.9764,0.43,15,0,1.3651,1.0293,0.8851,10,5,1.1026,0.9496,0.4414,30,4,0.9252,0.7931,0.4192,31,3,1.2979,1.0333,0.7655,7,1,0.9512,0.892,0.2144,71,11,1.099,0.9665,0.6337
"NBack","3.2.0.2","04/04/2012","a","Adult","English","UIC-IJR",3930,1,"10/07/2019","17:26:40",NA,"jw","IJR-235a","keyboard",30,2.328,0.527,25,5,0.5472,0.5033,0.1554,10,0,0.5399,0.4959,0.1503,1,4,0.6874,NA,0,5,0,0.6204,0.5416,0.1812,4,1,0.4515,0.4414,0.0542,5,0,0.5373,0.5269,0.1538,9,2,0.5383,0.5043,0.0985,10,1,0.5255,0.4706,0.175,90,0.798,-0.07,60,30,0.88,0.8589,0.165,19,11,0.8493,0.8344,0.1382,7,8,0.8767,0.8547,0.1378,12,3,0.8682,0.9062,0.1467,13,2,0.882,0.8201,0.2101,9,6,0.9601,0.8971,0.1591,23,11,0.8551,0.8589,0.1395,21,13,0.8836,0.8363,0.1798,6,2,0.8888,0.8547,0.1665,54,28,0.879,0.8589,0.1648
"NBack","3.2.0.2","04/04/2012","a","Adult","English","UIC-IJR",3932,1,"10/02/2019","17:33:07",NA,"jw","IJR-235a","keyboard",30,1.539,-0.022,24,6,0.6899,0.6516,0.2246,8,2,0.5921,0.5965,0.0831,3,2,1.1235,1.1513,0.2081,5,0,0.6937,0.7095,0.1713,4,1,0.6131,0.5291,0.1577,4,1,0.6324,0.6007,0.16,10,1,0.6707,0.6079,0.2,7,4,0.6565,0.5423,0.1918,90,1.362,0.019,68,22,1.1503,1.0471,0.5018,23,7,1.0462,0.9498,0.4072,11,4,1.0243,0.9656,0.3226,12,3,1.2049,0.9781,0.6368,10,5,1.0771,1.0239,0.2675,12,3,1.4716,1.2644,0.6344,27,7,1.0503,0.9807,0.4432,24,10,1.1703,1.0471,0.4553,8,0,1.1357,1.241,0.2438,60,22,1.1522,1.0159,0.5267
"NBack","3.2.0.2","04/04/2012","a","Adult","English","UIC-IJR",3933,1,"10/25/2019","15:52:58",NA,"jw","IJR-235a","keyboard",30,1.653,-0.353,25,5,0.6959,0.687,0.1937,7,3,0.6287,0.5952,0.2057,4,1,0.7205,0.7042,0.0766,4,1,0.7674,0.7499,0.1725,5,0,0.6089,0.5675,0.1468,5,0,0.8002,0.687,0.221,10,1,0.6409,0.6694,0.1419,8,3,0.7712,0.723,0.2435,90,1.882,0.117,74,16,2.0313,1.5316,1.5294,26,4,1.4001,1.2003,0.5682,9,6,3.0455,2.2223,2.2267,13,2,1.7251,1.5883,0.8201,12,3,2.2438,1.6539,1.6087,14,1,2.6536,1.7117,1.9544,28,6,1.8937,1.5883,1.3416,27,7,1.9214,1.4573,1.3527,3,5,1.7067,1.5883,0.2774,71,11,2.045,1.5316,1.5588
"NBack","3.2.0.2","04/04/2012","a","Adult","English","UIC-IJR",3934,1,"01/31/2020","16:15:43",NA,"jw","IJR-235a","keyboard",30,3.156,0.113,29,1,0.6007,0.5432,0.166,10,0,0.6233,0.6351,0.1246,4,1,0.6139,0.5583,0.1305,5,0,0.7352,0.6152,0.2768,5,0,0.5095,0.503,0.0122,5,0,0.5016,0.4942,0.0297,11,0,0.573,0.581,0.0999,11,0,0.5471,0.5356,0.0672,90,2.385,-0.385,81,9,0.8297,0.7596,0.4118,24,6,0.686,0.622,0.2736,13,2,1.0269,0.8296,0.5888,14,1,1.0088,0.7713,0.6159,15,0,0.7198,0.7542,0.1228,15,0,0.8316,0.8601,0.1321,30,4,0.8414,0.7542,0.47,31,3,0.7846,0.739,0.2105,8,0,1.3707,0.8901,0.9521,73,9,0.7704,0.7569,0.2306
"NBack","3.2.0.2","04/04/2012","a","Adult","English","UIC-IJR",3935,1,"11/01/2019","17:01:43",NA,"jw","IJR-235a","keyboard",30,1.197,-0.369,23,7,0.6131,0.5996,0.1105,6,4,0.609,0.6471,0.0934,3,2,0.6851,0.5996,0.1541,5,0,0.6448,0.5726,0.1433,5,0,0.5906,0.6046,0.0407,4,1,0.5536,0.5623,0.0477,9,2,0.5813,0.5726,0.0595,9,2,0.6512,0.6316,0.1047,90,1.341,-0.341,70,20,0.8518,0.828,0.1837,19,11,0.7991,0.7925,0.1571,13,2,0.9043,0.828,0.1953,13,2,0.8968,0.8704,0.241,13,2,0.8386,0.835,0.178,12,3,0.844,0.8308,0.0975,25,9,0.88,0.902,0.2154,28,6,0.8648,0.8161,0.1748,5,3,0.9964,0.919,0.1822,65,17,0.8407,0.8168,0.1791
"NBack","3.2.0.2","04/04/2012","a","Adult","English","UIC-IJR",3936,1,"10/25/2019","13:58:22",NA,"jw","IJR-235a","keyboard",30,2.562,-0.184,28,2,0.6735,0.6546,0.1255,9,1,0.6286,0.6546,0.1115,5,0,0.7667,0.7158,0.1199,5,0,0.6188,0.631,0.0331,4,1,0.7536,0.6533,0.1811,5,0,0.6514,0.6324,0.0565,11,0,0.6769,0.6588,0.075,9,2,0.6247,0.6324,0.0593,90,1.068,-0.028,64,26,0.7034,0.6547,0.1866,21,9,0.6562,0.6545,0.1555,9,6,0.8073,0.76,0.2996,10,5,0.7175,0.6894,0.1065,12,3,0.707,0.64,0.1888,12,3,0.6929,0.6737,0.1364,24,10,0.7361,0.6769,0.2284,22,12,0.7063,0.7022,0.1529,4,4,0.6406,0.651,0.1003,60,22,0.7076,0.6547,0.1902
"NBack","3.2.0.2","04/04/2012","a","Adult","English","UIC-IJR",3937,1,"12/19/2019","09:52:41",NA,"jw","IJR-235a","keyboard",30,3.156,0.113,29,1,0.5743,0.5565,0.1237,10,0,0.525,0.5275,0.1076,4,1,0.7153,0.6771,0.1092,5,0,0.5622,0.5791,0.0734,5,0,0.5768,0.5592,0.0303,5,0,0.5698,0.5202,0.1698,11,0,0.5388,0.5577,0.0862,11,0,0.561,0.5429,0.1276,90,2.74,0.03,83,7,0.6151,0.6014,0.138,28,2,0.5984,0.582,0.1468,13,2,0.6587,0.6664,0.1177,13,2,0.6229,0.6405,0.1248,15,0,0.5654,0.5275,0.1218,14,1,0.654,0.6001,0.1414,33,1,0.6217,0.5987,0.1321,30,4,0.6001,0.5987,0.1292,8,0,0.5989,0.5761,0.1509,75,7,0.6168,0.6052,0.1364
"NBack","3.2.0.2","04/04/2012","a","Adult","English","UIC-IJR",3938,1,"11/13/2019","14:07:43",NA,"jw","IJR-235a","keyboard",30,3.078,-0.442,29,1,0.6303,0.6,0.1712,9,1,0.6365,0.6,0.1937,5,0,0.6454,0.6473,0.1025,5,0,0.6658,0.6033,0.1864,5,0,0.6024,0.5338,0.2031,5,0,0.5963,0.5436,0.1113,11,0,0.6701,0.6774,0.2147,10,1,0.639,0.5945,0.1592,90,1.753,-0.069,74,16,1.5708,1.2795,0.7346,24,6,1.5205,1.3065,0.6222,11,4,1.4288,1.1941,0.567,14,1,1.3988,1.2063,0.522,11,4,1.643,1.3513,0.7495,14,1,1.8842,1.3916,1.0344,28,6,1.4552,1.2063,0.7143,29,5,1.6874,1.4701,0.702,4,4,1.3738,1.3846,0.143,70,12,1.5821,1.2609,0.753
"NBack","3.2.0.2","04/04/2012","a","Adult","English","UIC-IJR",3939,1,"12/04/2019","16:53:55",NA,"jw","IJR-235a","keyboard",30,2.482,0.449,26,4,0.7352,0.6664,0.2251,10,0,0.7391,0.7848,0.2309,3,2,0.8866,1.0326,0.2281,4,1,0.6678,0.6325,0.1153,4,1,0.6824,0.5975,0.1827,5,0,0.7328,0.6874,0.2617,9,2,0.8449,0.8359,0.1766,10,1,0.664,0.5743,0.2103,90,0.623,0.105,55,35,1.0564,0.8675,0.6356,20,10,1.1034,0.8161,0.6782,8,7,0.949,0.8242,0.31,10,5,1.0648,0.9315,0.2958,8,7,1.3942,0.9006,1.0699,9,6,0.7375,0.6456,0.1677,16,18,0.9841,0.9411,0.2836,25,9,1.191,0.8742,0.8102,2,6,0.8894,0.8894,0.0371,53,29,1.0627,0.8675,0.6466
"NBack","3.2.0.2","04/04/2012","a","Adult","English","UIC-IJR",3940,1,"11/19/2019","11:07:18",NA,"jw","IJR-235a","keyboard",30,2.729,-0.616,28,2,0.8089,0.7891,0.1397,8,2,0.7995,0.7795,0.1491,5,0,0.8321,0.8664,0.1465,5,0,0.8215,0.8082,0.0867,5,0,0.8472,0.7649,0.1672,5,0,0.7496,0.7557,0.1045,10,1,0.8484,0.848,0.1097,10,1,0.7914,0.7675,0.1346,90,1.882,0.117,74,16,1.0231,0.9228,0.3348,26,4,0.9128,0.8392,0.2616,8,7,1.1318,0.9996,0.3882,13,2,1.0906,0.9665,0.3364,15,0,1.1445,1.0352,0.3672,12,3,0.9649,0.8746,0.3004,27,7,0.9701,0.8959,0.2469,26,8,1.0971,0.9829,0.4005,7,1,0.9346,0.9573,0.1325,67,15,1.0324,0.9108,0.3479
"NBack","3.2.0.2","04/04/2012","a","Adult","English","UIC-IJR",3941,1,"01/03/2020","10:15:51",NA,"jw","IJR-235a","keyboard",30,3.078,-0.442,29,1,0.4161,0.3913,0.0836,9,1,0.4196,0.3913,0.0931,5,0,0.4181,0.3988,0.0745,5,0,0.3871,0.3835,0.0508,5,0,0.4083,0.4141,0.0653,5,0,0.4444,0.3645,0.1041,11,0,0.423,0.3927,0.0841,11,0,0.417,0.3645,0.0947,90,2.147,-0.266,79,11,0.5554,0.5121,0.1638,24,6,0.6388,0.6435,0.2149,12,3,0.5157,0.4885,0.1066,14,1,0.5248,0.5045,0.1322,14,1,0.5357,0.5129,0.1395,15,0,0.5005,0.4838,0.0849,28,6,0.6149,0.5538,0.1972,29,5,0.5239,0.4838,0.1405,7,1,0.4808,0.5121,0.0582,72,10,0.5626,0.5141,0.1689
"NBack","3.2.0.2","04/04/2012","a","Adult","English","UIC-IJR",3942,1,"01/06/2020","16:11:19",NA,"py","IJR-235a","keyboard",30,2.658,0.362,27,3,0.8505,0.7874,0.2059,10,0,0.7275,0.7162,0.0867,3,2,0.9948,0.8741,0.3178,5,0,0.8891,0.8393,0.1782,5,0,0.886,0.9389,0.173,4,1,0.9572,0.9786,0.2151,10,1,0.8343,0.7865,0.184,10,1,0.829,0.795,0.1589,90,2.04,-0.32,78,12,0.8283,0.7872,0.1799,23,7,0.8294,0.7957,0.2012,12,3,0.9237,0.8183,0.2177,15,0,0.8115,0.7956,0.1201,13,2,0.7435,0.7393,0.0656,15,0,0.8405,0.7951,0.1902,30,4,0.8494,0.7956,0.2141,28,6,0.8024,0.7778,0.1478,7,1,0.7951,0.7393,0.1791,71,11,0.8316,0.7953,0.1796
"NBack","3.2.0.2","04/04/2012","a","Adult","English","UIC-IJR",3943,1,"02/01/2020","09:53:20",NA,"jw","IJR-235a","keyboard",30,3.156,0.113,29,1,0.5367,0.4932,0.1265,10,0,0.4923,0.4519,0.1202,4,1,0.5858,0.5228,0.1385,5,0,0.5749,0.53,0.1212,5,0,0.5658,0.5888,0.1062,5,0,0.5189,0.4753,0.1187,11,0,0.5717,0.53,0.129,11,0,0.5476,0.5302,0.1351,90,2.506,-0.195,82,8,0.5742,0.5466,0.1423,26,4,0.5639,0.5493,0.1344,14,1,0.5798,0.5588,0.0944,14,1,0.5863,0.5831,0.0717,14,1,0.5996,0.5357,0.221,14,1,0.55,0.5051,0.1433,32,2,0.5939,0.5807,0.1336,30,4,0.5707,0.5387,0.1566,5,3,0.6352,0.606,0.1689,77,5,0.5702,0.5448,0.1394
"NBack","3.2.0.2","04/04/2012","a","Adult","English","UIC-IJR",3944,1,"02/04/2020","10:01:39",NA,"py","IJR-235a","keyboard",30,2.658,0.362,27,3,0.5622,0.5428,0.1542,10,0,0.49,0.4279,0.1502,3,2,0.586,0.5112,0.1272,5,0,0.5519,0.5391,0.0562,4,1,0.5796,0.5822,0.0781,5,0,0.6887,0.6201,0.1961,9,2,0.575,0.6201,0.1288,10,1,0.5669,0.5035,0.1954,90,0.621,0.019,56,34,0.8504,0.8058,0.254,19,11,0.7741,0.7302,0.1521,11,4,0.8908,0.8402,0.3555,6,9,1.1442,1.0621,0.3733,11,4,0.8214,0.8307,0.1059,9,6,0.8021,0.8,0.1274,18,16,0.9761,0.8446,0.3712,23,11,0.804,0.8363,0.1495,2,6,0.9713,0.9713,0.1,54,28,0.846,0.7933,0.2568
"NBack","3.2.0.2","04/04/2012","a","Adult","English","UIC-IJR",3945,1,"02/27/2020","12:15:44",NA,"jw","IJR-235a","keyboard",30,2.482,0.449,26,4,0.7781,0.7397,0.1508,10,0,0.7002,0.707,0.0673,2,3,1.0361,1.0361,0.0675,4,1,0.842,0.8008,0.238,5,0,0.8472,0.8363,0.0861,5,0,0.7107,0.7294,0.0567,10,1,0.7837,0.7397,0.1395,11,0,0.7589,0.7259,0.1477,90,-0.209,-0.311,45,45,0.807,0.6984,0.529,10,20,1.0487,0.9429,0.5985,7,8,0.8699,0.8756,0.4011,9,6,0.8553,0.6984,0.5834,10,5,0.6887,0.5963,0.4252,9,6,0.5726,0.4124,0.4403,17,17,0.7728,0.6984,0.4959,15,19,0.8398,0.6323,0.5401,6,2,0.8213,0.6993,0.4858,39,43,0.8048,0.6984,0.5353
"NBack","3.2.0.2","04/04/2012","a","Adult","English","UIC-IJR",3946,1,"02/18/2020","16:14:23",NA,"py","IJR-235a","keyboard",30,2.87,0.255,28,2,0.7835,0.7705,0.1625,10,0,0.7042,0.6537,0.157,3,2,1.0109,0.9584,0.1242,5,0,0.9134,0.9622,0.0745,5,0,0.784,0.7791,0.0277,5,0,0.675,0.7166,0.104,10,1,0.7937,0.7661,0.1488,11,0,0.7751,0.7678,0.1953,90,2.003,0.056,76,14,0.837,0.8094,0.1221,26,4,0.763,0.7676,0.0976,11,4,0.9258,0.9398,0.0946,11,4,0.8816,0.8558,0.1163,14,1,0.8236,0.7933,0.0968,14,1,0.8827,0.8591,0.1265,27,7,0.827,0.8075,0.133,30,4,0.8272,0.7965,0.115,5,3,0.9583,0.9337,0.1059,71,11,0.8284,0.8065,0.1186
"NBack","3.2.0.2","04/04/2012","a","Adult","English","UIC-IJR",3947,1,"02/27/2020","09:27:54",NA,"py","IJR-235a","keyboard",30,2.277,-0.041,27,3,0.5543,0.5447,0.1637,9,1,0.4761,0.4421,0.076,3,2,0.6827,0.6062,0.1167,5,0,0.6559,0.5512,0.2805,5,0,0.5241,0.5497,0.0881,5,0,0.5466,0.5563,0.0872,11,0,0.5811,0.5124,0.2076,11,0,0.5131,0.5397,0.1032,90,1.314,-0.057,68,22,0.973,0.8566,0.6379,22,8,0.7986,0.7719,0.2017,10,5,1.1486,0.8829,0.5926,13,2,0.9257,0.9272,0.151,11,4,0.848,0.847,0.1434,12,3,1.3119,0.8566,1.2969,23,11,0.9517,0.8761,0.4266,27,7,1.0452,0.8527,0.9058,4,4,0.9145,0.9179,0.1438,64,18,0.9766,0.8512,0.6564
"NBack","3.2.0.2","04/04/2012","a","Adult","English","UIC-IJR",3948,1,"08/04/2020","16:11:06",NA,"JW","IJR-235a","keyboard",30,2.188,0.597,24,6,0.8514,0.8418,0.1825,10,0,0.8686,0.8762,0.2406,2,3,1.0059,1.0059,0.0902,3,2,0.8401,0.7958,0.1091,5,0,0.7783,0.7681,0.1153,4,1,0.831,0.8208,0.0753,10,1,0.9294,0.904,0.1916,9,2,0.7511,0.7681,0.1483,90,0.865,0.267,57,33,0.9558,0.9191,0.2438,23,7,0.8054,0.8311,0.1857,6,9,1.0805,1.0371,0.1797,8,7,1.1522,1.1573,0.1853,11,4,1.0115,0.9168,0.2553,9,6,1.0141,1.0167,0.2168,23,11,0.9935,0.9846,0.1885,20,14,0.9171,0.8522,0.2856,2,6,1.2108,1.2108,0.082,55,27,0.9465,0.9168,0.2427
"NBack","3.2.0.2","04/04/2012","a","Adult","English","UIC-IJR",3950,1,"07/24/2020","13:32:47",NA,"JW","IJR-235a","keyboard",30,2.658,0.362,27,3,0.5143,0.4899,0.0968,10,0,0.5013,0.5162,0.0737,2,3,0.6037,0.6037,0.1538,5,0,0.5552,0.5386,0.1289,5,0,0.4971,0.4899,0.054,5,0,0.481,0.4722,0.0638,11,0,0.5143,0.4763,0.1017,10,1,0.4645,0.4636,0.0573,90,3.238,0.042,86,4,0.6774,0.654,0.1788,29,1,0.6532,0.6627,0.177,14,1,0.7007,0.6414,0.1759,14,1,0.6803,0.6553,0.1183,14,1,0.6369,0.6156,0.121,15,0,0.7377,0.7478,0.2455,33,1,0.6803,0.6569,0.1688,31,3,0.6569,0.626,0.149,8,0,0.7025,0.6842,0.1643,78,4,0.6749,0.636,0.18
"NBack","3.2.0.2","04/04/2012","a","Adult","English","UIC-IJR",3951,1,"07/20/2020","15:04:06",NA,"JW","IJR-235a","keyboard",30,2.87,0.255,28,2,0.6677,0.6215,0.2241,10,0,0.6229,0.6094,0.1493,3,2,0.644,0.6561,0.0485,5,0,0.7797,0.6864,0.2524,5,0,0.594,0.5801,0.0641,5,0,0.7331,0.5448,0.3753,11,0,0.7374,0.6965,0.2676,11,0,0.5703,0.5942,0.0939,90,2.372,0.025,80,10,1.1643,1.1059,0.3924,27,3,1.007,0.9781,0.2787,8,7,1.1339,1.1371,0.2559,15,0,1.3078,1.1969,0.388,15,0,1.082,0.9628,0.3115,15,0,1.4023,1.1998,0.5195,31,3,1.1376,1.1615,0.2749,29,5,1.1762,0.9903,0.5122,7,1,1.454,1.4094,0.4418,73,9,1.1365,1.09,0.3758
"NBack","3.2.0.2","04/04/2012","a","Adult","English","UIC-IJR",3954,1,"08/13/2020","10:52:55",NA,"jw","IJR-235a","keyboard",30,2.658,0.362,27,3,0.7134,0.6619,0.1256,10,0,0.6438,0.6267,0.0666,2,3,0.8731,0.8731,0.1404,5,0,0.7474,0.7725,0.0782,5,0,0.767,0.7252,0.1508,5,0,0.7009,0.6742,0.1247,10,1,0.7278,0.6764,0.1189,10,1,0.6928,0.6673,0.0908,90,1.86,-0.23,76,14,1.4873,1.1237,0.9769,23,7,1.0503,0.8758,0.5908,11,4,1.5431,1.0722,0.9105,13,2,2.0607,1.6321,1.3263,14,1,1.3542,1.0584,0.7473,15,0,1.7436,1.4157,0.992,31,3,1.5031,1.1497,0.9793,24,10,1.4772,1.0941,0.9916,6,2,1.2779,1.2015,0.4234,70,12,1.5052,1.0928,1.0083
"NBack","3.2.0.2","04/04/2012","a","Adult","English","UIC-IJR",3955,1,"07/21/2020","11:46:32",NA,"jw","IJR-235a","keyboard",30,1.715,-0.11,25,5,0.6717,0.6281,0.1653,8,2,0.68,0.614,0.199,4,1,0.8277,0.9083,0.1757,5,0,0.6169,0.6448,0.065,3,2,0.6001,0.6825,0.1173,5,0,0.6314,0.5741,0.0934,9,2,0.7234,0.6825,0.1808,9,2,0.6558,0.6251,0.1606,90,2.17,-0.16,79,11,0.6736,0.6408,0.1677,25,5,0.6116,0.6227,0.1209,14,1,0.765,0.7018,0.1846,13,2,0.6051,0.6262,0.1149,13,2,0.7027,0.6615,0.1707,14,1,0.7294,0.6705,0.1888,29,5,0.7174,0.6597,0.2019,30,4,0.6398,0.6404,0.1172,3,5,0.8106,0.7588,0.1513,76,6,0.6682,0.6403,0.166
"NBack","3.2.0.2","04/04/2012","a","Adult","English","UIC-IJR",3956,1,"07/24/2020","10:58:35",NA,"jw","IJR-235a","keyboard",30,2.277,-0.041,27,3,0.6543,0.6589,0.1724,9,1,0.6594,0.5911,0.2105,3,2,0.7674,0.7119,0.1179,5,0,0.6024,0.6736,0.1217,5,0,0.6242,0.6401,0.1448,5,0,0.6594,0.5641,0.159,10,1,0.681,0.6925,0.1117,10,1,0.5887,0.5515,0.1953,90,1.65,0.576,64,26,0.7137,0.7054,0.1441,28,2,0.6543,0.6512,0.1453,3,12,0.7149,0.7583,0.101,10,5,0.775,0.7625,0.0742,11,4,0.8014,0.784,0.1407,12,3,0.7206,0.6753,0.1331,22,12,0.7138,0.7016,0.1191,27,7,0.7155,0.7483,0.1532,2,6,0.9437,0.9437,0.0073,62,20,0.7063,0.7016,0.1403
"NBack","3.2.0.2","04/04/2012","a","Adult","English","UIC-IJR",3957,1,"08/20/2020","13:01:43",NA,"jw","IJR-235a","keyboard",30,1.734,0.23,24,6,0.8952,0.8393,0.2373,9,1,0.8613,0.7721,0.2192,2,3,1.0321,1.0321,0.1511,5,0,0.918,0.8629,0.1524,3,2,0.9943,1.077,0.247,5,0,0.8193,0.642,0.3051,9,2,0.98,0.9822,0.285,10,1,0.8066,0.7695,0.1703,90,1.414,-0.007,69,21,2.1298,1.6459,1.3506,23,7,1.7775,1.2284,1.2394,8,7,2.4096,2.7501,0.9834,12,3,2.2539,1.9398,0.9922,14,1,2.9705,2.5114,1.8791,12,3,1.5135,1.2495,0.5344,25,9,2.2659,1.8092,1.3019,27,7,2.1713,1.6589,1.5199,7,1,2.1757,2.5159,0.9542,62,20,2.1246,1.6193,1.3882
"NBack","3.2.0.2","04/04/2012","a","Adult","English","UIC-IJR",3959,1,"07/30/2020","10:54:36",NA,"JW","IJR-235a","keyboard",30,2.658,0.362,27,3,0.6237,0.618,0.1199,10,0,0.6127,0.6364,0.1419,3,2,0.768,0.8065,0.0812,5,0,0.6451,0.6691,0.0963,4,1,0.5433,0.5522,0.0252,5,0,0.6023,0.5927,0.0689,10,1,0.6302,0.6371,0.1166,10,1,0.5942,0.57,0.12,90,1.057,0.279,60,30,0.7016,0.6799,0.1702,24,6,0.6565,0.654,0.1653,10,5,0.7583,0.7715,0.1726,5,10,0.8065,0.7686,0.1241,10,5,0.7658,0.736,0.1581,11,4,0.6424,0.6292,0.148,22,12,0.7146,0.7008,0.1598,24,10,0.7117,0.6964,0.1564,2,6,0.8144,0.8144,0.2021,58,24,0.6977,0.6799,0.1676
"NBack","3.2.0.2","04/04/2012","a","Adult","English","USC_CAR_Lab",3961,1,"11/28/2022","16:22:25",NA,"kk","PARTICIPANT_COMPUTER","keyboard",30,3.156,0.113,29,1,0.7651,0.6527,0.4099,10,0,0.7035,0.6221,0.2092,4,1,0.8148,0.835,0.17,5,0,0.668,0.7109,0.0755,5,0,0.6704,0.6543,0.0736,5,0,1.0405,0.6681,0.8654,10,1,0.6696,0.6612,0.0665,11,0,0.647,0.6141,0.1102,90,0.416,-0.127,54,36,1.9611,1.6409,1.0614,16,14,2.048,1.8245,1.0707,5,10,1.7113,1.5607,0.6336,10,5,2.1979,1.8251,1.2875,10,5,1.9712,1.855,0.952,13,2,1.7604,1.4481,1.0127,21,13,2.1239,2.0852,1.1896,23,11,1.9857,1.433,1.0511,3,5,1.441,1.433,0.108,51,31,1.9917,1.7525,1.0841
"NBack","3.2.0.2","04/04/2012","a","Adult","English","USC_CAR_Lab",3962,1,"04/20/2022","11:20:28",NA,"PS","PARTICIPANT_COMPUTER","keyboard",30,3.156,0.113,29,1,0.5477,0.5294,0.1538,10,0,0.5859,0.5566,0.1964,4,1,0.5882,0.5722,0.0598,5,0,0.4966,0.4334,0.1323,5,0,0.5427,0.5181,0.1445,5,0,0.4953,0.5169,0.0961,11,0,0.5519,0.5514,0.1509,11,0,0.5729,0.5401,0.1062,90,1.22,-0.104,67,23,0.635,0.6223,0.1702,21,9,0.6256,0.6009,0.179,8,7,0.6008,0.6026,0.1254,13,2,0.5874,0.6057,0.1767,12,3,0.6607,0.7224,0.1537,13,2,0.695,0.6488,0.1656,30,4,0.6455,0.6112,0.1727,22,12,0.6479,0.6477,0.1418,6,2,0.5411,0.5534,0.1121,61,21,0.6442,0.6295,0.1721
"NBack","3.2.0.2","04/04/2012","a","Adult","English","USC_CAR_Lab",3965,2,"08/05/2022","15:17:13",NA,"kk","PARTICIPANT_COMPUTER","keyboard",30,2.658,0.362,27,3,0.7071,0.6855,0.1747,10,0,0.6104,0.5765,0.104,3,2,0.8942,0.8797,0.106,4,1,0.8307,0.7906,0.1878,5,0,0.7399,0.7852,0.162,5,0,0.6562,0.6129,0.1624,10,1,0.6534,0.5892,0.2044,11,0,0.7007,0.6276,0.143,90,1.212,-0.006,66,24,1.0513,0.9201,0.4436,22,8,0.9326,0.8483,0.3347,12,3,1.1228,1.0102,0.3713,12,3,1.078,0.9834,0.3035,12,3,1.2255,1.0028,0.7444,8,7,0.969,0.9073,0.1981,24,10,0.9644,0.8727,0.2647,26,8,1.1404,0.955,0.6096,1,7,1.0175,NA,0,65,17,1.0518,0.92,0.447
"NBack","3.2.0.2","04/04/2012","a","Adult","English","USC_CAR_Lab",3966,1,"04/21/2022","10:50:15",NA,"PS","PARTICIPANT_COMPUTER","keyboard",30,3.156,0.113,29,1,0.4793,0.4436,0.1108,10,0,0.4512,0.4211,0.1104,5,0,0.5107,0.534,0.0624,5,0,0.4898,0.442,0.113,4,1,0.5261,0.4741,0.1425,5,0,0.4563,0.4436,0.0949,11,0,0.4654,0.4306,0.1002,11,0,0.4475,0.4299,0.1159,90,1.693,0.079,72,18,1.0438,0.9372,0.4657,25,5,0.9811,0.8097,0.6412,11,4,1.1156,1.0649,0.2887,14,1,1.07,1.0472,0.2446,9,6,0.9034,0.9046,0.1299,13,2,1.1728,1.0328,0.47,29,5,1.1058,0.9219,0.5947,28,6,0.9248,0.895,0.2812,4,4,1.3602,1.4233,0.1795,68,14,1.0252,0.9188,0.4706
"NBack","3.2.0.2","04/04/2012","a","Adult","English","USC_CAR_Lab",3968,1,"04/22/2022","12:47:53",NA,"PS","PARTICIPANT_COMPUTER","keyboard",30,2.482,0.449,26,4,0.5293,0.4919,0.1183,10,0,0.517,0.4792,0.0968,3,2,0.6874,0.7349,0.1894,5,0,0.4808,0.5186,0.0904,4,1,0.4866,0.5035,0.0518,4,1,0.545,0.5679,0.0598,9,2,0.5576,0.5224,0.1653,10,1,0.5093,0.5274,0.062,90,1.864,-0.516,76,14,0.9055,0.8372,0.4406,20,10,0.8753,0.8517,0.3329,13,2,0.8509,0.8024,0.2488,15,0,0.8583,0.792,0.2163,14,1,1.1022,0.9271,0.8429,14,1,0.853,0.8892,0.1725,28,6,0.8264,0.7951,0.218,29,5,0.8581,0.8347,0.2276,8,0,0.8116,0.832,0.1069,68,14,0.9165,0.8372,0.4631
"NBack","3.2.0.2","04/04/2012","a","Adult","English","USC_CAR_Lab",3971,1,"05/12/2022","09:10:00",NA,"PS","PARTICIPANT_COMPUTER","keyboard",30,3.156,0.113,29,1,0.601,0.5668,0.1103,10,0,0.5438,0.5401,0.0499,4,1,0.6486,0.6508,0.1251,5,0,0.6625,0.6326,0.1588,5,0,0.6393,0.5975,0.0729,5,0,0.5776,0.5461,0.0914,10,1,0.5846,0.5454,0.1314,11,0,0.602,0.5975,0.0736,90,2.212,-0.861,77,13,0.5937,0.6004,0.1418,18,12,0.545,0.502,0.1869,15,0,0.6579,0.6419,0.1653,15,0,0.6097,0.601,0.0819,14,1,0.582,0.5998,0.0805,15,0,0.5828,0.6004,0.1175,29,5,0.6096,0.5933,0.1715,27,7,0.5712,0.5931,0.1282,8,0,0.6019,0.6506,0.0891,69,13,0.5927,0.5893,0.1467
"NBack","3.2.0.2","04/04/2012","a","Adult","English","USC_CAR_Lab",3974,1,"05/02/2022","08:43:50",NA,"PS","PARTICIPANT_COMPUTER","keyboard",30,2.658,0.362,27,3,0.6362,0.5882,0.0967,10,0,0.6259,0.5867,0.0773,3,2,0.7458,0.7823,0.1243,4,1,0.655,0.6725,0.1079,5,0,0.587,0.5821,0.0416,5,0,0.6251,0.629,0.0893,11,0,0.6445,0.629,0.0985,10,1,0.6218,0.5814,0.0802,90,-0.009,0.51,39,51,0.8015,0.8089,0.2155,21,9,0.6554,0.6743,0.1368,5,10,0.9818,0.8729,0.1849,3,12,0.8907,0.8987,0.0279,6,9,0.9452,0.9266,0.1757,4,11,1.0609,1.0424,0.0889,17,17,0.8305,0.8533,0.1939,15,19,0.7405,0.6975,0.1913,1,7,1.2016,NA,0,38,44,0.791,0.805,0.2081
"NBack","3.2.0.2","04/04/2012","a","Adult","English","USC_CAR_Lab",3975,1,"05/11/2022","10:44:57",NA,"PS","PARTICIPANT_COMPUTER","keyboard",30,3.156,0.113,29,1,0.7114,0.7038,0.1446,10,0,0.6043,0.6177,0.0832,4,1,0.7838,0.7715,0.0498,5,0,0.7304,0.7038,0.1055,5,0,0.8631,0.759,0.1752,5,0,0.6969,0.7061,0.1136,11,0,0.7577,0.7038,0.174,10,1,0.6406,0.6609,0.1172,90,1.168,-0.078,66,24,1.1746,1.1425,0.2774,21,9,1.1444,1.1925,0.2486,8,7,1.2041,1.175,0.2051,11,4,1.2205,1.2506,0.2453,14,1,1.2286,1.1425,0.3202,12,3,1.1026,0.9331,0.3156,24,10,1.1375,1.1214,0.2476,25,9,1.2035,1.1606,0.2731,5,3,1.2429,1.2566,0.3925,61,21,1.169,1.1295,0.265
"NBack","3.2.0.2","04/04/2012","a","Adult","English","USC_CAR_Lab",3976,1,"04/29/2022","10:52:43",NA,"PS","PARTICIPANT_COMPUTER","keyboard",30,3.156,0.113,29,1,0.7451,0.6948,0.1496,10,0,0.6801,0.6866,0.0564,4,1,0.9203,0.8407,0.1979,5,0,0.819,0.6953,0.201,5,0,0.7047,0.7033,0.0824,5,0,0.7013,0.691,0.0531,11,0,0.765,0.6953,0.1553,11,0,0.7499,0.6821,0.1765,90,1.021,-0.005,63,27,0.9132,0.7947,0.4488,21,9,0.8062,0.7288,0.2749,8,7,0.8513,0.7947,0.2833,12,3,1.0173,0.9999,0.3047,9,6,1.1742,0.7172,0.9383,13,2,0.8474,0.8488,0.1639,25,9,0.9055,0.8105,0.2746,23,11,1.0129,0.7934,0.6377,5,3,0.7476,0.6942,0.3398,58,24,0.9275,0.8137,0.4541
"NBack","3.2.0.2","04/04/2012","a","Adult","English","USC_CAR_Lab",3977,1,"05/02/2022","14:42:51",NA,"PS","PARTICIPANT_COMPUTER","keyboard",30,1.594,0.3,23,7,0.5916,0.5022,0.2434,9,1,0.5652,0.5288,0.0984,3,2,0.4374,0.4199,0.0429,4,1,0.9149,0.8706,0.4107,2,3,0.4728,0.4728,0.0079,5,0,0.5203,0.4961,0.0958,7,4,0.6716,0.5797,0.2361,10,1,0.6045,0.5022,0.2863,90,0.393,0.404,47,43,1.4215,1.0283,0.9191,22,8,1.2508,0.9099,0.8306,4,11,3.1426,3.2216,0.3632,5,10,1.0374,1.0348,0.0759,9,6,1.4977,1.2253,0.8759,7,8,1.1509,1.0269,0.6839,19,15,1.4365,1.0348,0.9854,16,18,1.5773,1.3102,0.9221,1,7,0.8205,NA,0,46,36,1.4346,1.0316,0.9247
"NBack","3.2.0.2","04/04/2012","a","Adult","English","USC_CAR_Lab",3979,1,"05/02/2022","16:16:06",NA,"PS","PARTICIPANT_COMPUTER","keyboard",30,2.328,0.527,25,5,0.6409,0.6324,0.1288,10,0,0.6593,0.6677,0.1234,1,4,0.5638,NA,0,4,1,0.6878,0.668,0.1112,5,0,0.6481,0.5795,0.1506,5,0,0.575,0.5458,0.1092,10,1,0.6527,0.6904,0.1369,9,2,0.6387,0.6262,0.1089,90,1.882,0.117,74,16,1.8788,1.721,0.6974,26,4,1.7427,1.5607,0.6134,7,8,1.625,1.3851,0.5172,12,3,2.0862,1.8885,0.8707,14,1,1.8018,1.7606,0.4629,15,0,2.1391,1.9927,0.8037,26,8,1.7235,1.5931,0.6635,29,5,2.0652,1.9295,0.7513,5,3,1.5708,1.37,0.3559,69,13,1.9011,1.7447,0.7107
"NBack","3.2.0.2","04/04/2012","a","Adult","English","USC_CAR_Lab",3980,1,"05/06/2022","14:04:11",NA,"PS","PARTICIPANT_COMPUTER","keyboard",30,2.482,0.449,26,4,0.7066,0.6937,0.1307,10,0,0.6434,0.6521,0.1016,3,2,0.701,0.7046,0.0222,3,2,0.6521,0.6828,0.0747,5,0,0.7566,0.7333,0.094,5,0,0.8191,0.8672,0.1753,9,2,0.7039,0.6828,0.1091,11,0,0.6857,0.6683,0.1635,90,0.578,0.04,55,35,0.8377,0.7929,0.3224,19,11,0.7583,0.7356,0.1681,6,9,0.8286,0.8008,0.206,11,4,0.8628,0.901,0.1291,9,6,0.8089,0.8021,0.1666,10,5,0.9926,0.805,0.6416,20,14,0.7865,0.7976,0.1598,22,12,0.8466,0.8753,0.1743,5,3,1.2736,1.0351,0.8286,50,32,0.7941,0.7929,0.1573
"NBack","3.2.0.2","04/04/2012","a","Adult","English","USC_CAR_Lab",3982,1,"05/17/2022","13:50:50",NA,"PS","PARTICIPANT_COMPUTER","keyboard",30,3.671,-0.145,30,0,1.0611,0.8844,0.4911,10,0,0.9023,0.8099,0.4097,5,0,1.4866,1.1095,0.6682,5,0,1.1464,1.0524,0.4075,5,0,1.2524,1.185,0.2367,5,0,0.6766,0.7638,0.14,11,0,0.9837,0.8716,0.3448,11,0,0.8707,0.8448,0.2389,90,1.871,-0.01,75,15,1.2445,1.0647,0.5487,25,5,1.0001,0.8983,0.3454,12,3,1.3723,1.1602,0.6159,13,2,1.4945,1.3334,0.6354,11,4,1.0558,0.9841,0.3524,14,1,1.4875,1.4752,0.5798,30,4,1.1242,1.016,0.4823,27,7,1.2865,1.1024,0.5889,3,5,1.9607,1.9291,0.4321,72,10,1.2147,1.049,0.5325
"NBack","3.2.0.2","04/04/2012","a","Adult","English","USC_CAR_Lab",3984,1,"05/09/2022","14:16:18",NA,"PS","PARTICIPANT_COMPUTER","keyboard",30,2.482,0.449,26,4,0.6823,0.6431,0.1513,10,0,0.6831,0.688,0.1367,3,2,0.8396,0.9234,0.1449,4,1,0.6875,0.6193,0.1352,4,1,0.5637,0.5705,0.0669,5,0,0.6773,0.6637,0.1571,10,1,0.6869,0.6266,0.1599,10,1,0.7132,0.6921,0.1234,90,1.469,0.073,69,21,1.3711,1.1701,0.6427,24,6,1.2347,1.0173,0.5132,10,5,1.4828,1.6246,0.5337,13,2,1.6249,1.3209,0.7493,11,4,1.3688,1.0811,0.8866,11,4,1.2693,1.13,0.4119,26,8,1.4908,1.3772,0.6552,27,7,1.3119,1.0248,0.6865,1,7,0.7185,NA,0,68,14,1.3806,1.1931,0.6425
"NBack","3.2.0.2","04/04/2012","a","Adult","English","USC_CAR_Lab",3986,1,"05/05/2022","10:57:41",NA,"EX","PARTICIPANT_COMPUTER","keyboard",30,3.671,-0.145,30,0,0.8077,0.7696,0.1751,10,0,0.6838,0.6509,0.1078,5,0,0.8377,0.8001,0.1515,5,0,0.7735,0.7222,0.1075,5,0,0.8242,0.8042,0.0554,5,0,1.0433,1.0841,0.1857,11,0,0.8082,0.7688,0.1772,11,0,0.792,0.7222,0.1932,90,2.095,0.164,76,14,3.2052,2.8254,1.9777,27,3,2.2735,1.6891,1.2758,9,6,4.0945,2.8418,2.1186,13,2,2.7945,2.8572,1.0847,13,2,3.7534,3.3531,2.2446,14,1,4.3029,4.0413,2.3696,31,3,3.0647,2.921,1.3726,29,5,2.7955,2.2177,1.9497,6,2,4.6442,4.0412,2.4579,70,12,3.0819,2.6656,1.8805
"NBack","3.2.0.2","04/04/2012","a","Adult","English","USC_CAR_Lab",3988,1,"05/17/2022","08:45:45",NA,"PS","PARTICIPANT_COMPUTER","keyboard",30,3.671,-0.145,30,0,0.5285,0.4841,0.1224,10,0,0.5172,0.5189,0.0489,5,0,0.625,0.5097,0.1922,5,0,0.4587,0.4207,0.0734,5,0,0.533,0.4599,0.1411,5,0,0.5197,0.4511,0.0916,11,0,0.5412,0.5306,0.0696,11,0,0.4726,0.4511,0.0928,90,2.003,0.056,76,14,0.6089,0.559,0.287,26,4,0.5218,0.5207,0.134,11,4,0.6741,0.6699,0.1571,14,1,0.5996,0.5774,0.1299,12,3,0.7561,0.5654,0.6207,13,2,0.6018,0.5984,0.1099,28,6,0.6092,0.5751,0.125,31,3,0.6153,0.539,0.4256,2,6,0.564,0.564,0.1332,74,8,0.6101,0.559,0.29
"NBack","3.2.0.2","04/04/2012","a","Adult","English","USC_CAR_Lab",3991,1,"05/25/2022","16:04:18",NA,"PS","PARTICIPANT_COMPUTER","keyboard",30,3.078,-0.442,29,1,0.6267,0.5929,0.1621,9,1,0.6125,0.5623,0.2111,5,0,0.7424,0.7133,0.1847,5,0,0.6077,0.5884,0.1198,5,0,0.6029,0.5826,0.0495,5,0,0.5793,0.5975,0.0655,11,0,0.5637,0.5623,0.0559,11,0,0.6223,0.6264,0.1216,90,1.612,-0.206,73,17,0.8035,0.7476,0.2467,22,8,0.7071,0.6931,0.1616,13,2,0.954,0.7948,0.3322,14,1,0.8127,0.7299,0.2367,12,3,0.839,0.7638,0.2363,12,3,0.7709,0.7279,0.1939,29,5,0.8518,0.762,0.3092,28,6,0.7304,0.7243,0.136,5,3,0.7152,0.7506,0.1893,68,14,0.81,0.7445,0.2492
"NBack","3.2.0.2","04/04/2012","a","Adult","English","USC_CAR_Lab",3992,1,"08/26/2022","15:26:39",NA,"kk","PARTICIPANT_COMPUTER","keyboard",30,3.156,0.113,29,1,0.7504,0.7416,0.1843,10,0,0.6421,0.5898,0.1099,4,1,0.7808,0.7535,0.1082,5,0,0.8155,0.7863,0.1213,5,0,0.9138,0.9345,0.2122,5,0,0.714,0.6141,0.2175,11,0,0.7681,0.7661,0.1693,11,0,0.7808,0.7416,0.1971,90,1.186,0.214,63,27,1.1191,0.9753,0.416,24,6,0.979,0.8974,0.2775,6,9,1.2546,1.2239,0.2155,11,4,1.4803,1.2887,0.6329,13,2,1.1285,1.1123,0.3393,9,6,0.9471,0.8412,0.2558,26,8,1.1527,0.9471,0.5378,24,10,1.1011,1.0505,0.3197,6,2,1.3123,1.3418,0.2156,57,25,1.0987,0.9688,0.4266
"NBack","3.2.0.2","04/04/2012","a","Adult","English","USC_CAR_Lab",3993,1,"08/26/2023","13:35:14",NA,"kk","PARTICIPANT_COMPUTER","keyboard",30,3.156,0.113,29,1,0.5045,0.4627,0.1957,10,0,0.4728,0.4496,0.1443,4,1,0.7439,0.5907,0.3594,5,0,0.4714,0.49,0.1164,5,0,0.4428,0.4508,0.0295,5,0,0.4712,0.4575,0.0937,11,0,0.4812,0.4724,0.1097,11,0,0.4254,0.4561,0.068,90,1.871,-0.01,75,15,0.7478,0.7259,0.1735,25,5,0.7522,0.7224,0.1872,13,2,0.7764,0.7744,0.1181,13,2,0.7075,0.6966,0.1502,12,3,0.7563,0.7324,0.2179,12,3,0.7426,0.7267,0.1595,29,5,0.708,0.6886,0.139,28,6,0.7838,0.7769,0.1894,3,5,0.7334,0.7023,0.1528,72,10,0.7484,0.7274,0.1743
"NBack","3.2.0.2","04/04/2012","a","Adult","English","USC_CAR_Lab",3996,1,"05/05/2022","14:27:15",NA,"PS","PARTICIPANT_COMPUTER","keyboard",30,2.562,-0.184,28,2,0.602,0.5689,0.1075,9,1,0.6034,0.5909,0.1381,4,1,0.6119,0.5491,0.1263,5,0,0.5855,0.5571,0.0737,5,0,0.6054,0.6278,0.0515,5,0,0.6045,0.5741,0.0957,10,1,0.6547,0.6533,0.1226,10,1,0.5694,0.5569,0.0639,90,1.809,0.021,74,16,0.9439,0.9654,0.1687,25,5,0.8825,0.887,0.171,12,3,0.961,0.9635,0.1482,10,5,0.933,0.9434,0.1,13,2,0.9483,0.985,0.1431,14,1,1.0424,1.0251,0.1911,26,8,0.9496,0.9755,0.1525,28,6,0.9197,0.9266,0.1783,5,3,0.9673,1.0029,0.2096,69,13,0.9422,0.9648,0.1653
"NBack","3.2.0.2","04/04/2012","a","Adult","English","USC_CAR_Lab",3998,1,"05/16/2022","08:40:01",NA,"PS","PARTICIPANT_COMPUTER","keyboard",30,3.156,0.113,29,1,0.5846,0.5621,0.1078,10,0,0.5452,0.5289,0.0789,5,0,0.7161,0.7186,0.1446,5,0,0.5827,0.6412,0.082,4,1,0.585,0.5857,0.0388,5,0,0.5333,0.554,0.0556,10,1,0.5909,0.5744,0.0913,11,0,0.5652,0.5795,0.0667,90,2.053,-0.219,78,12,0.9171,0.7929,0.4367,24,6,0.7465,0.6789,0.253,14,1,0.9833,0.7935,0.4215,13,2,1.0861,0.915,0.5273,15,0,0.8905,0.7246,0.5108,12,3,1.0315,0.963,0.4106,31,3,1.0115,0.8195,0.5016,29,5,0.7292,0.7355,0.1697,7,1,1.0345,0.8693,0.3204,71,11,0.9056,0.7839,0.4448
"NBack","3.2.0.2","04/04/2012","a","Adult","English","USC_CAR_Lab",3999,1,"05/23/2022","09:47:03",NA,"PS","PARTICIPANT_COMPUTER","keyboard",30,3.671,-0.145,30,0,0.6181,0.5959,0.1326,10,0,0.6241,0.6122,0.153,5,0,0.6946,0.6529,0.0864,5,0,0.6496,0.5534,0.1542,5,0,0.5548,0.5467,0.0656,5,0,0.5616,0.5565,0.0944,11,0,0.695,0.6391,0.1502,11,0,0.5766,0.5479,0.0736,90,1.691,-0.038,73,17,1.4229,1.225,0.8503,24,6,1.1305,0.9851,0.5798,11,4,1.6623,1.2086,1.342,14,1,1.6111,1.225,1.0465,13,2,1.4871,1.3535,0.4357,11,4,1.5058,1.4159,0.587,31,3,1.22,1.1452,0.4503,26,8,1.4104,1.1773,0.8181,6,2,1.9924,1.5044,1.6608,67,15,1.3719,1.2168,0.7135
"NBack","3.2.0.2","04/04/2012","a","Adult","English","USC_CAR_Lab",4000,1,"05/16/2022","16:44:13",NA,"PS","PARTICIPANT_COMPUTER","keyboard",30,2.87,0.255,28,2,0.7466,0.7086,0.1445,10,0,0.7473,0.7103,0.1431,3,2,0.8732,0.7865,0.1841,5,0,0.7445,0.7032,0.1459,5,0,0.7491,0.7412,0.0446,5,0,0.6691,0.6033,0.129,11,0,0.7767,0.7032,0.1842,10,1,0.7074,0.7016,0.1229,90,1.128,-0.319,67,23,0.9437,0.8933,0.332,18,12,0.8004,0.7531,0.1926,13,2,1.0579,1.0124,0.2225,13,2,0.955,0.9022,0.1678,14,1,0.8391,0.8231,0.1615,9,6,1.2121,0.9695,0.6667,28,6,0.8379,0.7771,0.1984,24,10,0.9646,0.9415,0.209,6,2,0.9552,1.0069,0.2155,61,21,0.9426,0.8885,0.3413
"NBack","3.2.0.2","04/04/2012","a","Adult","English","USC_CAR_Lab",4001,1,"04/29/2022","12:33:37",NA,"PS","PARTICIPANT_COMPUTER","keyboard",30,3.671,-0.145,30,0,0.487,0.4464,0.1618,10,0,0.4749,0.4701,0.0978,5,0,0.6579,0.5249,0.3006,5,0,0.4483,0.4391,0.0721,5,0,0.4301,0.4247,0.0339,5,0,0.4361,0.4492,0.0656,11,0,0.4518,0.4705,0.0873,11,0,0.4432,0.4391,0.0627,90,1.873,0.275,72,18,0.7273,0.714,0.185,27,3,0.6396,0.6284,0.1703,10,5,0.7889,0.7838,0.2105,11,4,0.7855,0.7721,0.1683,13,2,0.7626,0.7084,0.1642,11,4,0.7865,0.7995,0.1469,27,7,0.7165,0.6555,0.1979,28,6,0.7282,0.736,0.1412,3,5,0.8637,0.7006,0.2992,69,13,0.7214,0.7249,0.176
"NBack","3.2.0.2","04/04/2012","a","Adult","English","USC_CAR_Lab",4003,1,"05/12/2022","15:44:22",NA,"PS","PARTICIPANT_COMPUTER","keyboard",30,2.277,-0.041,27,3,0.7379,0.7603,0.1451,9,1,0.7297,0.6734,0.1455,4,1,0.7961,0.8748,0.1856,4,1,0.7133,0.7286,0.0949,5,0,0.7163,0.7603,0.1095,5,0,0.7474,0.7755,0.1578,10,1,0.8055,0.8151,0.0792,9,2,0.6252,0.6234,0.095,90,2.374,0.473,75,15,1.0825,1.0405,0.3398,29,1,0.9005,0.8644,0.2539,11,4,1.2503,1.2737,0.2869,12,3,1.1515,1.1613,0.1551,11,4,1.3023,1.161,0.5175,12,3,1.098,1.1296,0.2564,30,4,1.0383,0.9864,0.2905,29,5,1.1338,1.0966,0.4085,3,5,1.3221,1.3108,0.2031,72,10,1.0725,1.0306,0.3407
"NBack","3.2.0.2","04/04/2012","a","Adult","English","USC_CAR_Lab",4008,2,"10/20/2022","17:36:21",NA,"kk","PARTICIPANT_COMPUTER","keyboard",30,1.594,0.3,23,7,0.7022,0.7055,0.1639,9,1,0.6873,0.6536,0.1318,1,4,0.7249,NA,0,4,1,0.6805,0.66,0.1043,4,1,0.8691,0.9628,0.2174,5,0,0.6084,0.6711,0.1175,9,2,0.6561,0.6196,0.1512,10,1,0.719,0.7152,0.1744,90,2.095,0.164,76,14,0.9211,0.8526,0.2657,27,3,0.802,0.772,0.2009,8,7,1.0649,0.9301,0.3342,13,2,1.1368,1.0667,0.3499,15,0,0.888,0.884,0.1438,13,2,0.9028,0.8664,0.1537,30,4,0.8952,0.8187,0.2486,27,7,0.882,0.8489,0.2163,7,1,1.1066,0.8888,0.4125,69,13,0.9023,0.8499,0.238
"NBack","3.2.0.2","04/04/2012","a","Adult","English","USC_CAR_Lab",4009,1,"09/02/2022","12:05:58",NA,"TS","PARTICIPANT_COMPUTER","keyboard",30,2.482,0.449,26,4,0.695,0.642,0.2405,10,0,0.6725,0.6512,0.1476,3,2,0.9554,0.9295,0.4629,5,0,0.774,0.6926,0.2134,3,2,0.5925,0.6082,0.0481,5,0,0.5661,0.5395,0.1046,9,2,0.746,0.6711,0.1889,10,1,0.6157,0.5763,0.1487,90,0.162,0.081,47,43,0.7018,0.5402,0.5218,17,13,0.6674,0.4388,0.5382,9,6,0.6469,0.6171,0.2328,7,8,0.6602,0.4828,0.3831,8,7,0.8716,0.6346,0.8262,6,9,0.704,0.5745,0.3181,20,14,0.7931,0.5566,0.6205,19,15,0.6835,0.4728,0.4829,1,7,0.3139,NA,0,46,36,0.7103,0.554,0.5243
"NBack","3.2.0.2","04/04/2012","a","Adult","English","USC_CAR_Lab",4010,2,"07/27/2022","11:22:19",NA,"kk","PARTICIPANT_COMPUTER","keyboard",30,2.562,-0.184,28,2,0.6629,0.5846,0.2052,9,1,0.5845,0.5586,0.0943,5,0,0.8332,0.7105,0.3554,5,0,0.6488,0.7035,0.0807,5,0,0.5936,0.6175,0.0765,4,1,0.7304,0.6414,0.2014,10,1,0.6388,0.5793,0.1368,10,1,0.773,0.6906,0.2636,90,2.048,-0.424,78,12,0.6502,0.6234,0.1596,22,8,0.6757,0.6471,0.1332,15,0,0.6942,0.649,0.2363,14,1,0.5919,0.5966,0.1018,13,2,0.6272,0.6162,0.1306,14,1,0.6427,0.6486,0.1447,28,6,0.6825,0.6437,0.1693,30,4,0.6281,0.6061,0.1638,4,4,0.6342,0.6802,0.1614,74,8,0.6511,0.6192,0.1594
"NBack","3.2.0.2","04/04/2012","a","Adult","English","USC_CAR_Lab",4011,1,"09/21/2022","10:57:28",NA,"CP","PARTICIPANT_COMPUTER","keyboard",30,2.277,-0.041,27,3,0.68,0.6396,0.1668,9,1,0.6308,0.5918,0.1626,3,2,0.6148,0.6034,0.0416,5,0,0.7537,0.7188,0.1593,5,0,0.737,0.6472,0.2114,5,0,0.6766,0.6396,0.1262,11,0,0.7237,0.6551,0.1876,10,1,0.6487,0.6079,0.1625,90,3.224,0.529,82,8,0.9503,0.8231,0.4831,30,0,0.8282,0.7321,0.2873,11,4,0.9432,0.8397,0.3462,14,1,1.1996,0.8708,0.8613,14,1,0.9406,0.7585,0.4206,13,2,0.9802,0.9188,0.2976,33,1,0.8623,0.8284,0.2332,31,3,0.9663,0.7307,0.6248,5,3,0.8859,0.9188,0.1464,77,5,0.9545,0.82,0.4969
"NBack","3.2.0.2","04/04/2012","a","Adult","English","USC_CAR_Lab",4013,1,"11/03/2022","16:16:28",NA,"kk","PARTICIPANT_COMPUTER","keyboard",30,3.156,0.113,29,1,0.5585,0.5302,0.1303,10,0,0.5592,0.578,0.0945,4,1,0.5541,0.5491,0.0663,5,0,0.6761,0.5655,0.2116,5,0,0.4818,0.4989,0.0667,5,0,0.5196,0.4752,0.0812,10,1,0.5466,0.5086,0.1385,11,0,0.5761,0.5655,0.1309,90,1.097,-0.219,66,24,0.8975,0.8253,0.3685,19,11,0.9292,0.7281,0.6469,14,1,0.9196,0.9303,0.158,11,4,0.857,0.8391,0.1042,12,3,0.8162,0.7668,0.1199,10,5,0.9485,0.932,0.1486,28,6,0.9773,0.8391,0.5302,25,9,0.7956,0.7787,0.137,7,1,0.9152,0.9262,0.131,59,23,0.8954,0.8211,0.3871
"NBack","3.2.0.2","04/04/2012","a","Adult","English","USC_CAR_Lab",4015,1,"02/08/2023","17:03:00",NA,"kk","PARTICIPANT_COMPUTER","keyboard",30,1.235,-0.848,23,7,0.5311,0.5116,0.1315,4,6,0.5538,0.5313,0.0552,4,1,0.5524,0.5293,0.0803,5,0,0.4309,0.353,0.1178,5,0,0.623,0.5931,0.154,5,0,0.5041,0.4374,0.12,8,3,0.5319,0.461,0.1815,9,2,0.5427,0.5391,0.1082,90,2.374,-0.262,81,9,0.7916,0.6604,0.5877,25,5,0.692,0.629,0.2706,13,2,1.1435,0.6564,1.296,15,0,0.7261,0.6321,0.2404,14,1,0.7657,0.7993,0.1795,14,1,0.7389,0.6934,0.2702,32,2,0.872,0.6522,0.8628,30,4,0.7456,0.6671,0.2623,8,0,0.7946,0.8046,0.2727,73,9,0.7913,0.6541,0.6124
"NBack","3.2.0.2","04/04/2012","a","Adult","English","USC_CAR_Lab",4022,1,"05/31/2023","10:47:39",NA,"SZ","PARTICIPANT_COMPUTER","keyboard",30,2.87,0.255,28,2,0.5234,0.5189,0.0932,10,0,0.56,0.5381,0.0827,3,2,0.596,0.5917,0.0329,5,0,0.4573,0.4503,0.0264,5,0,0.4676,0.4477,0.0375,5,0,0.5283,0.5329,0.1374,11,0,0.5143,0.5188,0.0583,10,1,0.5298,0.5052,0.1381,90,1.314,-0.057,68,22,0.7234,0.7117,0.1662,22,8,0.6368,0.6455,0.1635,9,6,0.8008,0.8272,0.1747,13,2,0.708,0.7104,0.1073,11,4,0.7601,0.722,0.1383,13,2,0.801,0.7377,0.162,25,9,0.7327,0.7145,0.179,26,8,0.6927,0.687,0.1466,6,2,0.8515,0.8495,0.0711,62,20,0.711,0.7061,0.1676
"NBack","3.2.0.2","04/04/2012","a","Adult","English","USC_CAR_Lab",4023,1,"11/09/2023","13:55:34",NA,"kk","PARTICIPANT_COMPUTER","keyboard",30,2.658,0.362,27,3,0.6106,0.471,0.6215,10,0,0.4531,0.4568,0.092,4,1,0.5743,0.5169,0.1267,4,1,0.4567,0.4721,0.0636,4,1,1.2641,0.478,1.4083,5,0,0.5548,0.454,0.2272,9,2,0.5254,0.4869,0.1764,11,0,0.7249,0.431,0.9441,90,2.456,-0.017,81,9,0.6142,0.5679,0.2131,27,3,0.5626,0.544,0.1763,12,3,0.7686,0.6748,0.3189,15,0,0.618,0.606,0.1374,13,2,0.5032,0.4856,0.106,14,1,0.6805,0.6341,0.2087,28,6,0.6087,0.5634,0.1699,32,2,0.6049,0.5673,0.237,6,2,0.7002,0.6846,0.2568,75,7,0.6074,0.5668,0.2077
"NBack","3.2.0.2","04/04/2012","a","Adult","English","USC_CAR_Lab",4024,1,"05/08/2023","10:41:17",NA,"EX","PARTICIPANT_COMPUTER","keyboard",30,3.156,0.113,29,1,0.6914,0.6634,0.1361,10,0,0.6563,0.6574,0.0987,5,0,0.7339,0.7068,0.1374,4,1,0.6087,0.6075,0.0398,5,0,0.7424,0.7535,0.1391,5,0,0.7344,0.6949,0.1853,11,0,0.6854,0.6609,0.0918,11,0,0.7312,0.6949,0.1572,90,0.798,-0.07,60,30,0.7429,0.7385,0.1666,19,11,0.6438,0.6275,0.1143,11,4,0.7334,0.7248,0.1815,9,6,0.7769,0.7745,0.0599,8,7,0.8173,0.7601,0.1967,13,2,0.8262,0.7906,0.171,22,12,0.7778,0.7618,0.1483,22,12,0.6841,0.7085,0.1146,2,6,0.7731,0.7731,0.2935,58,24,0.7418,0.7385,0.1603
"NBack","3.2.0.2","04/04/2012","a","Adult","English","UIC-IJR",5001,1,"03/07/2020","15:53:43",NA,"AC","IJR-235a","keyboard",30,3.156,0.113,29,1,0.6696,0.6374,0.1437,10,0,0.6794,0.6942,0.1354,5,0,0.7529,0.708,0.2247,4,1,0.643,0.609,0.0842,5,0,0.6046,0.6231,0.0927,5,0,0.6529,0.6049,0.0786,11,0,0.7098,0.6943,0.1878,11,0,0.6038,0.6049,0.094,90,2.225,0.288,76,14,1.0593,0.8574,0.5922,28,2,0.9031,0.7482,0.4823,13,2,1.3223,1.0573,0.8769,11,4,1.0179,0.8795,0.3171,12,3,0.9734,0.8677,0.3435,12,3,1.263,0.9317,0.6727,31,3,1.2016,0.9437,0.7445,28,6,0.9073,0.8109,0.3188,4,4,1.2125,1.1491,0.2278,72,10,1.0508,0.8246,0.6049
"NBack","3.2.0.2","04/04/2012","a","Adult","English","UIC-IJR",6079,1,"09/05/2019","15:58:30",NA,"jw","IJR-235a","keyboard",30,3.156,0.113,29,1,0.6734,0.6415,0.1888,10,0,0.6843,0.6471,0.2338,5,0,0.5994,0.6296,0.0895,5,0,0.7539,0.7111,0.1274,5,0,0.5715,0.4885,0.1315,4,1,0.7655,0.7592,0.1825,10,1,0.7342,0.716,0.2115,11,0,0.6466,0.6415,0.1433,90,2.035,0.194,75,15,0.733,0.7109,0.2242,27,3,0.6483,0.6439,0.1996,7,8,0.593,0.6622,0.1968,12,3,0.8221,0.8611,0.1961,14,1,0.7901,0.7811,0.2098,15,0,0.8262,0.7395,0.2226,29,5,0.7544,0.7378,0.1883,28,6,0.7164,0.7147,0.2299,6,2,0.8166,0.8081,0.1837,69,13,0.7257,0.7109,0.2259
"NBack","3.2.0.2","04/04/2012","a","Adult","English","UIC-IJR",6096,2,"10/16/2018","12:08:30",NA,"rs","IJR-235a","keyboard",30,2.658,0.362,27,3,0.5808,0.5594,0.1091,10,0,0.5343,0.5163,0.089,3,2,0.5541,0.5537,0.0089,4,1,0.704,0.6301,0.1558,5,0,0.6278,0.6309,0.0747,5,0,0.5442,0.5422,0.0541,10,1,0.5765,0.5622,0.0807,11,0,0.568,0.5651,0.0814,90,1.424,-0.112,70,20,0.7127,0.6974,0.1435,22,8,0.6159,0.6451,0.1179,8,7,0.8181,0.8255,0.0724,13,2,0.7558,0.7939,0.1154,13,2,0.7341,0.6957,0.1514,14,1,0.7447,0.7259,0.1423,23,11,0.6715,0.6408,0.1517,27,7,0.7334,0.7019,0.1146,5,3,0.8132,0.8091,0.1167,65,17,0.705,0.6963,0.1425
"NBack","3.2.0.2","04/04/2012","a","Adult","English","UIC-IJR",7001,1,"03/14/2019","17:36:31",NA,"jw","IJR-235a","keyboard",30,2.213,-0.359,27,3,0.4689,0.4688,0.0974,8,2,0.4493,0.4703,0.0798,4,1,0.4463,0.4455,0.0674,5,0,0.5684,0.564,0.0722,5,0,0.4727,0.3962,0.1026,5,0,0.4152,0.4302,0.0885,9,2,0.5003,0.5279,0.0731,11,0,0.4279,0.4302,0.0842,90,2.053,-0.219,78,12,0.5945,0.6014,0.1263,24,6,0.5353,0.5493,0.1225,11,4,0.6651,0.6565,0.1146,13,2,0.6198,0.6187,0.1134,15,0,0.567,0.5978,0.1364,15,0,0.6431,0.6208,0.0809,29,5,0.5849,0.5989,0.1429,28,6,0.5916,0.5975,0.1183,7,1,0.6461,0.6428,0.143,71,11,0.5894,0.5978,0.1233
"NBack","3.2.0.2","04/04/2012","a","Adult","English","UIC-IJR",7013,1,"11/21/2018","18:16:55",NA,"jw","IJR-235a","keyboard",30,0.495,-0.72,20,10,0.7568,0.697,0.1836,3,7,0.9346,1.1121,0.3036,2,3,0.6717,0.6717,0.1065,5,0,0.7293,0.6915,0.1266,5,0,0.7598,0.6631,0.1647,5,0,0.7089,0.7025,0.0829,7,4,0.727,0.6339,0.1738,7,4,0.801,0.7521,0.165,0,-5,-5,0,0,-5,-5,-5,0,0,-5,-5,-5,0,0,-5,-5,-5,0,0,-5,-5,-5,0,0,-5,-5,-5,0,0,-5,-5,-5,0,0,-5,-5,-5,0,0,-5,-5,-5,0,0,-5,-5,-5,0,0,-5,-5,-5
"NBack","3.2.0.2","04/04/2012","a","Adult","English","UIC-IJR",7014,1,"11/01/2018","14:18:07",NA,"rs","IJR-235a","keyboard",30,2.562,-0.184,28,2,0.6066,0.5706,0.1417,9,1,0.5374,0.5441,0.0841,4,1,0.7329,0.6817,0.1314,5,0,0.5693,0.5687,0.0313,5,0,0.6179,0.5606,0.1142,5,0,0.6564,0.5972,0.2158,11,0,0.5933,0.5706,0.0619,11,0,0.5957,0.5461,0.1655,90,1.37,0.123,67,23,0.7934,0.7898,0.167,24,6,0.6834,0.6458,0.1203,9,6,0.8359,0.8236,0.0792,11,4,0.8303,0.7943,0.1451,12,3,0.8567,0.8188,0.1643,11,4,0.893,0.8323,0.1979,26,8,0.7959,0.8098,0.1561,26,8,0.7477,0.7391,0.1497,0,8,-5,-5,-5,67,15,0.7934,0.7898,0.167
"NBack","3.2.0.2","04/04/2012","a","Adult","English","UIC-IJR",7015,1,"11/14/2018","14:31:19",NA,"jw","IJR-235a","keyboard",30,2.658,0.362,27,3,0.6023,0.6102,0.1036,10,0,0.5469,0.5601,0.0939,3,2,0.6621,0.6296,0.0549,5,0,0.6136,0.6232,0.0554,4,1,0.606,0.6063,0.0441,5,0,0.6632,0.6102,0.1477,10,1,0.5897,0.5618,0.072,11,0,0.6162,0.6172,0.1335,90,1.521,0.047,70,20,0.8865,0.8491,0.267,24,6,0.8412,0.8321,0.2117,10,5,0.9932,0.937,0.2032,12,3,1.1106,0.996,0.4114,12,3,0.8396,0.8597,0.1432,12,3,0.7112,0.7127,0.073,26,8,0.9572,0.9053,0.2407,24,10,0.9156,0.8529,0.3354,6,2,0.8467,0.8464,0.1285,64,18,0.8903,0.8529,0.2762
"NBack","3.2.0.2","04/04/2012","a","Adult","English","UIC-IJR",7019,1,"03/20/2019","18:06:20",NA,"jw","IJR-235a","keyboard",30,1.928,-0.216,26,4,0.5847,0.5565,0.1235,8,2,0.5463,0.5175,0.109,3,2,0.6993,0.7102,0.1093,5,0,0.6221,0.5996,0.0693,5,0,0.5234,0.493,0.0889,5,0,0.6014,0.6346,0.1573,10,1,0.5738,0.5567,0.1161,9,2,0.5978,0.5527,0.1041,90,0.795,0.019,59,31,0.7911,0.7838,0.1813,20,10,0.7339,0.7706,0.187,9,6,0.8844,0.9464,0.1957,8,7,0.8164,0.739,0.1821,11,4,0.8062,0.8238,0.1467,11,4,0.7851,0.7014,0.148,20,14,0.8488,0.8568,0.1852,25,9,0.7494,0.7228,0.1857,2,6,0.5624,0.5624,0.0154,57,25,0.7991,0.79,0.1792
"NBack","3.2.0.2","04/04/2012","a","Adult","English","UIC-IJR",7036,1,"11/07/2018","11:13:59",NA,"rs","IJR-235a","keyboard",30,2.562,-0.184,28,2,0.6098,0.5996,0.0812,9,1,0.5662,0.5325,0.0889,4,1,0.6322,0.6371,0.0826,5,0,0.62,0.6155,0.0696,5,0,0.6377,0.641,0.0552,5,0,0.6323,0.6286,0.0646,10,1,0.6404,0.6528,0.0874,11,0,0.5849,0.5782,0.0797,90,1.82,-0.102,75,15,0.7581,0.7478,0.1592,24,6,0.7559,0.7574,0.1372,12,3,0.7222,0.7342,0.117,12,3,0.7471,0.7164,0.2063,13,2,0.7846,0.7705,0.1524,14,1,0.7775,0.7401,0.1775,31,3,0.7584,0.7478,0.1605,27,7,0.7333,0.7478,0.1325,6,2,0.7934,0.79,0.0434,69,13,0.7551,0.7398,0.1651
"NBack","3.2.0.2","04/04/2012","a","Adult","English","UIC-IJR",919,1,"10/11/2018","16:41:55",NA,"rs","IJR-235a","keyboard",30,1.734,0.23,24,6,1.1517,0.9231,0.8537,9,1,0.9241,0.8061,0.3399,1,4,1.0349,NA,0,5,0,0.9453,0.8891,0.2962,4,1,1.0989,1.0338,0.4642,5,0,1.8334,1.0996,1.5571,9,2,1.0011,1.0241,0.1793,10,1,1.4174,1.0432,1.2306,90,3.025,0.629,79,11,0.8258,0.8097,0.1634,30,0,0.7716,0.7623,0.1486,8,7,0.8642,0.8248,0.1328,15,0,0.8843,0.8482,0.1922,13,2,0.8693,0.8604,0.1594,13,2,0.8163,0.7628,0.1369,31,3,0.867,0.84,0.1853,32,2,0.8012,0.8097,0.1408,5,3,0.9603,0.8839,0.1708,74,8,0.8167,0.7974,0.1588
"NBack","3.2.0.2","04/04/2012","a","Adult","English","UIC-IJR",990,3,"06/13/2018","15:31",NA,"rs","IJR-235a","keyboard",30,1.938,-0.496,26,4,0.8994,0.7821,0.5276,7,3,0.7494,0.7505,0.2196,4,1,0.7989,0.8783,0.1893,5,0,1.3248,0.8567,1.0001,5,0,0.9141,0.8571,0.2849,5,0,0.75,0.7562,0.1632,9,2,0.8956,0.8567,0.2253,11,0,0.9642,0.7157,0.7496,90,1.945,-0.272,77,13,1.0135,0.848,0.4363,23,7,0.9475,0.7854,0.4917,11,4,1.2572,1.3004,0.3585,14,1,0.9985,0.8652,0.4772,14,1,0.9644,0.8634,0.3403,15,0,0.9956,0.828,0.3722,31,3,0.9556,0.8101,0.4648,26,8,1.0201,0.848,0.4432,8,0,1.1362,1.0945,0.4073,69,13,0.9992,0.828,0.4373
"NBack","3.2.0.2","04/04/2012","a","Adult","English","UIC-IJR",996,1,"10/24/2018","15:55:26",NA,"rs","IJR-235a","keyboard",30,-0.6,-0.797,15,15,0.9677,0.3295,1.461,1,9,0.2766,NA,0,4,1,1.2629,0.6716,1.2486,3,2,2.0945,0.3286,2.4975,3,2,0.2828,0.273,0.0355,4,1,0.5139,0.4558,0.2216,5,6,1.4177,0.3303,2.1072,5,6,0.4565,0.3284,0.2264,0,-5,-5,0,0,-5,-5,-5,0,0,-5,-5,-5,0,0,-5,-5,-5,0,0,-5,-5,-5,0,0,-5,-5,-5,0,0,-5,-5,-5,0,0,-5,-5,-5,0,0,-5,-5,-5,0,0,-5,-5,-5,0,0,-5,-5,-5
"NBack","3.2.0.2","04/04/2012","a","Adult","English","UIC-IJR",999,1,"01/07/2020","14:43:21",NA,"AC","IJR-235a",NA,0,-5,-5,0,0,-5,-5,-5,0,0,-5,-5,-5,0,0,-5,-5,-5,0,0,-5,-5,-5,0,0,-5,-5,-5,0,0,-5,-5,-5,0,0,-5,-5,-5,0,0,-5,-5,-5,0,-5,-5,0,0,-5,-5,-5,0,0,-5,-5,-5,0,0,-5,-5,-5,0,0,-5,-5,-5,0,0,-5,-5,-5,0,0,-5,-5,-5,0,0,-5,-5,-5,0,0,-5,-5,-5,0,0,-5,-5,-5,0,0,-5,-5,-5
"NBack","3.2.0.2","04/04/2012","a","Adult","English","UIC-IJR",999,1,"06/08/2018","14:26",NA,"rs","IJR-235a","keyboard",30,0.366,-0.183,18,12,0.7281,0.7066,0.3706,5,5,0.8972,0.7208,0.5688,4,1,0.7287,0.719,0.129,2,3,0.6572,0.6572,0.0452,2,3,0.3641,0.3641,0.3068,5,0,0.7324,0.7771,0.1883,6,5,0.7298,0.7294,0.1119,8,3,0.7677,0.6866,0.5238,90,0.081,0.04,46,44,1.4858,0.8046,1.6025,16,14,1.7539,1.0799,1.4307,7,8,0.7084,0.5082,0.4733,9,6,1.7571,1.0946,2.0797,8,7,1.231,0.4728,2.0506,6,9,1.6104,1.382,0.8743,13,21,1.8525,0.9866,2.0066,20,14,1.4179,0.6234,1.6716,4,4,2.2106,0.9984,2.594,42,40,1.4167,0.8054,1.455
"NBack","3.2.0.2","04/04/2012","a","Adult","English","USC_CAR_Lab",999,1,"09/01/2023","14:00:41",NA,"uf","PARTICIPANT_COMPUTER","keyboard",30,2.277,-0.041,27,3,0.6084,0.6096,0.1636,9,1,0.481,0.4745,0.1188,5,0,0.6547,0.6071,0.1683,5,0,0.6426,0.628,0.0416,4,1,0.7496,0.7428,0.113,4,1,0.6535,0.7003,0.1894,9,2,0.6092,0.6096,0.1853,10,1,0.6309,0.6103,0.1329,90,0.633,-0.397,60,30,0.6353,0.5087,0.8122,14,16,0.6024,0.5591,0.1969,12,3,0.4944,0.3565,0.2563,12,3,0.5076,0.5141,0.1978,11,4,0.5827,0.5977,0.2278,11,4,1.0229,0.4481,1.7856,24,10,0.5953,0.5832,0.1961,20,14,0.5285,0.4401,0.2567,6,2,0.4697,0.422,0.2451,54,28,0.6537,0.5195,0.8502
"NBack","3.2.0.2","04/04/2012","a","Adult","English","UIC-IJR",999,1,"10/23/2018","14:08:59",NA,"JW","IJR-235a",NA,0,-5,-5,0,0,-5,-5,-5,0,0,-5,-5,-5,0,0,-5,-5,-5,0,0,-5,-5,-5,0,0,-5,-5,-5,0,0,-5,-5,-5,0,0,-5,-5,-5,0,0,-5,-5,-5,0,-5,-5,0,0,-5,-5,-5,0,0,-5,-5,-5,0,0,-5,-5,-5,0,0,-5,-5,-5,0,0,-5,-5,-5,0,0,-5,-5,-5,0,0,-5,-5,-5,0,0,-5,-5,-5,0,0,-5,-5,-5,0,0,-5,-5,-5
"NBack","3.2.0.2","04/04/2012","a","Adult","English","USC_CAR_Lab",999,2,"08/04/2022","15:29:07",NA,"CP","PARTICIPANT_COMPUTER","keyboard",30,0.637,-0.319,20,10,0.6566,0.6357,0.247,5,5,0.6584,0.6433,0.2067,3,2,0.6638,0.7379,0.2191,5,0,0.5612,0.5223,0.171,2,3,0.6926,0.6926,0.3366,5,0,0.7315,0.7578,0.2874,8,3,0.7617,0.6906,0.203,8,3,0.6173,0.6055,0.2561,90,0.4,-0.362,56,34,0.6335,0.5696,0.3228,13,17,0.5154,0.4856,0.1482,11,4,0.5641,0.5449,0.1948,10,5,0.6504,0.5996,0.2528,10,5,0.6247,0.5918,0.2569,12,3,0.8181,0.6668,0.5152,15,19,0.7826,0.5918,0.4929,27,7,0.5695,0.5106,0.2026,5,3,0.6175,0.5643,0.2305,51,31,0.635,0.5712,0.3304
"NBack","3.2.0.2","04/04/2012","a","Adult","English","UIC-IJR",999,2,"10/23/2018","14:21:51",NA,"JW","IJR-235a","keyboard",30,0.839,0.053,20,10,0.8485,0.8089,0.2876,7,3,0.7537,0.7888,0.1903,2,3,0.7485,0.7485,0.1005,5,0,0.7763,0.7742,0.2555,2,3,1.128,1.128,0.1801,4,1,1.0149,0.8795,0.3918,6,5,0.9582,0.9305,0.404,9,2,0.8309,0.7888,0.2222,0,-5,-5,0,0,-5,-5,-5,0,0,-5,-5,-5,0,0,-5,-5,-5,0,0,-5,-5,-5,0,0,-5,-5,-5,0,0,-5,-5,-5,0,0,-5,-5,-5,0,0,-5,-5,-5,0,0,-5,-5,-5,0,0,-5,-5,-5
"NBack","3.2.0.2","04/04/2012","a","Adult","English","USC_CAR_Lab",9995,1,"12/07/2021","15:41:56",NA,"jps","PARTICIPANT_COMPUTER",NA,0,-5,-5,0,0,-5,-5,-5,0,0,-5,-5,-5,0,0,-5,-5,-5,0,0,-5,-5,-5,0,0,-5,-5,-5,0,0,-5,-5,-5,0,0,-5,-5,-5,0,0,-5,-5,-5,0,-5,-5,0,0,-5,-5,-5,0,0,-5,-5,-5,0,0,-5,-5,-5,0,0,-5,-5,-5,0,0,-5,-5,-5,0,0,-5,-5,-5,0,0,-5,-5,-5,0,0,-5,-5,-5,0,0,-5,-5,-5,0,0,-5,-5,-5
"NBack","3.2.0.2","04/04/2012","a","Adult","English","USC_CAR_Lab",9995,1,"12/07/2021","15:51:31",NA,"jps","PARTICIPANT_COMPUTER","keyboard",30,-0.473,-0.236,13,17,1.407,0.4842,2.1734,3,7,0.1049,0.142,0.0553,4,1,2.9677,1.8442,3.0961,2,3,0.5967,0.5967,0.0149,3,2,1.5233,0.6077,1.3831,1,4,0.3428,NA,0,6,5,1.6418,0.5947,2.7982,3,8,1.368,0.4842,1.4985,19,-5,-5,13,6,2.8099,1.2807,2.9495,2,3,5.343,5.343,5.1947,2,3,2.1229,2.1229,0.8423,3,0,3.0965,0.9531,3.2261,4,0,2.0288,1.7606,1.2774,2,0,2.0959,2.0959,1.1113,9,4,3.1322,1.2807,3.4003,3,2,2.4514,2.6324,1.2087,1,0,0.9846,NA,0,12,6,2.962,1.9565,3.0205
"NBack","3.2.0.2","04/04/2012","a","Adult","English","UIC-IJR",9999,1,"01/13/2020","13:23:24",NA,"AC","IJR-235a","keyboard",30,1.734,0.23,24,6,0.7617,0.7043,0.1477,9,1,0.7252,0.6718,0.0851,3,2,0.728,0.6984,0.0896,5,0,0.7348,0.6841,0.1599,3,2,0.9413,0.9752,0.1765,4,1,0.7677,0.6976,0.1559,9,2,0.7949,0.8459,0.1416,8,3,0.7491,0.6779,0.158,28,-5,-5,20,8,1.1486,0.8106,1.4884,5,3,2.1035,0.8265,2.7476,3,2,0.761,0.7482,0.1262,4,0,0.8653,0.9693,0.2219,4,1,0.8166,0.7521,0.2033,4,2,0.8607,0.8417,0.1063,13,5,1.3358,0.7873,1.8172,4,1,0.8269,0.8455,0.0861,1,1,1.0379,NA,0,19,7,1.1544,0.81,1.5268
"NBack","3.2.0.2","04/04/2012","a","Adult","English","USC_CAR_Lab",9999,1,"05/04/2023","14:56:18",NA,"SZ","PARTICIPANT_COMPUTER","keyboard",21,-5,-5,15,6,4.0254,0.6751,8.0245,4,3,4.2181,2.9324,3.9901,3,1,2.3425,2.9663,1.2606,2,1,0.6263,0.6263,0.5244,1,1,32.3994,NA,0,5,0,0.566,0.5481,0.207,3,4,3.7013,0.4059,4.706,7,2,5.2123,0.6992,11.1032,0,-5,-5,0,0,-5,-5,-5,0,0,-5,-5,-5,0,0,-5,-5,-5,0,0,-5,-5,-5,0,0,-5,-5,-5,0,0,-5,-5,-5,0,0,-5,-5,-5,0,0,-5,-5,-5,0,0,-5,-5,-5,0,0,-5,-5,-5
"NBack","3.2.0.2","04/04/2012","a","Adult","English","USC_CAR_Lab",9999,1,"05/04/2023","15:04:54",NA,"SZ","PARTICIPANT_COMPUTER","keyboard",30,2.064,0.065,26,4,0.5843,0.5791,0.1575,9,1,0.5409,0.5718,0.1136,4,1,0.7662,0.6841,0.1635,5,0,0.5381,0.4879,0.1595,3,2,0.5602,0.4722,0.1776,5,0,0.5776,0.6106,0.0874,9,2,0.6321,0.6106,0.1766,11,0,0.5509,0.49,0.1444,68,-5,-5,56,12,0.5813,0.5538,0.1483,16,4,0.5163,0.5019,0.1251,9,4,0.6833,0.6795,0.1375,11,2,0.6082,0.5922,0.1417,10,1,0.5832,0.5448,0.1675,10,1,0.562,0.5124,0.1166,24,3,0.5692,0.572,0.1052,20,8,0.598,0.537,0.1956,4,1,0.8559,0.8471,0.1571,52,11,0.5602,0.5457,0.1246
"NBack","3.2.0.2","04/04/2012","a","Adult","English","UIC-IJR",9999,1,"06/20/2018","15:04",NA,"slp","IJR-235a","keyboard",30,2.064,0.065,26,4,0.8265,0.7642,0.1885,9,1,0.7353,0.7078,0.1005,2,3,1.0577,1.0577,0.0094,5,0,0.8958,0.894,0.1565,5,0,0.735,0.7583,0.0857,5,0,0.9201,0.7768,0.2765,10,1,0.7659,0.7644,0.0671,9,2,0.8554,0.719,0.2729,90,1.132,0.359,60,30,1.3559,1.1854,0.6512,25,5,1.265,1.0159,0.659,9,6,1.2152,1.1589,0.1246,10,5,1.4173,1.3313,0.4036,7,8,1.8457,1.1792,1.1983,9,6,1.3,1.3546,0.2666,21,13,1.2773,1.1854,0.54,26,8,1.3202,1.0986,0.6392,2,6,1.2354,1.2354,0.0602,58,24,1.3601,1.1854,0.6619
"NBack","3.2.0.2","04/04/2012","a","Adult","English","USC_CAR_Lab",9999,1,"07/20/2022","15:33:00",NA,"CP","PARTICIPANT_COMPUTER","keyboard",30,1.197,-0.369,23,7,3.5828,1.2496,4.5754,6,4,4.0422,1.4489,6.2368,3,2,5.8057,3.6849,5.1963,4,1,2.0116,1.1333,1.7096,5,0,2.5084,1.1802,2.8493,5,0,4.0291,1.5406,4.0515,9,2,5.9287,1.5406,6.1322,8,3,2.5895,1.6079,2.5085,90,1.088,0.667,54,36,0.7701,0.6963,0.3831,27,3,0.6879,0.6078,0.466,10,5,0.8503,0.8479,0.245,5,10,0.966,1.0579,0.2204,5,10,0.8338,0.7767,0.1901,7,8,0.7877,0.9351,0.2876,20,14,0.8119,0.8495,0.3149,21,13,0.7831,0.6854,0.486,2,6,0.7747,0.7747,0.1101,52,30,0.77,0.6963,0.3898
"NBack","3.2.0.2","04/04/2012","a","Adult","English","USC_CAR_Lab",9999,1,"08/23/2023","15:19:05",NA,"kk","PARTICIPANT_COMPUTER","keyboard",30,-0.12,0.06,14,16,0.9361,0.5956,1.0153,5,5,0.528,0.5956,0.1256,4,1,0.6077,0.463,0.374,3,2,1.8904,0.6938,1.7956,1,4,1.1318,NA,0,1,4,1.2316,NA,0,5,6,1.337,0.4101,1.5843,6,5,0.6923,0.631,0.2059,90,0.283,-0.742,57,33,1.0566,0.7777,0.927,8,22,0.785,0.6233,0.5633,10,5,1.1126,0.5498,1.1802,14,1,1.0081,0.6137,1.0362,14,1,0.8622,0.8637,0.4961,11,4,1.5125,1.4423,0.9803,22,12,0.8317,0.5976,0.6537,21,13,1.257,0.8886,0.9479,7,1,1.6295,1.2405,1.4856,50,32,0.9764,0.7777,0.7863
"NBack","3.2.0.2","04/04/2012","a","Adult","English","UIC-IJR",9999,1,"09/03/2019","16:30:23",NA,"jw","IJR-235a","keyboard",6,-5,-5,5,1,0.4646,0.4213,0.1489,2,0,0.3995,0.3995,0.0218,1,0,0.7558,NA,0,0,0,-5,-5,-5,0,1,-5,-5,-5,2,0,0.384,0.384,0.043,1,0,0.7558,NA,0,4,1,0.3918,0.3995,0.035,0,-5,-5,0,0,-5,-5,-5,0,0,-5,-5,-5,0,0,-5,-5,-5,0,0,-5,-5,-5,0,0,-5,-5,-5,0,0,-5,-5,-5,0,0,-5,-5,-5,0,0,-5,-5,-5,0,0,-5,-5,-5,0,0,-5,-5,-5
"NBack","3.2.0.2","04/04/2012","a","Adult","English","UIC-IJR",9999,1,"09/11/2020","14:44:36",NA,"hd","IJR-235a","keyboard",30,2.87,0.255,28,2,0.7293,0.6469,0.3318,10,0,0.708,0.6635,0.1265,4,1,0.7256,0.6449,0.2567,4,1,0.588,0.5949,0.0828,5,0,0.6506,0.6255,0.0843,5,0,0.9665,0.6107,0.6633,10,1,0.653,0.638,0.0906,11,0,0.8548,0.6581,0.4665,90,2.413,0.194,79,11,0.8264,0.7824,0.2348,28,2,0.7522,0.6732,0.1946,13,2,0.8357,0.8516,0.1596,13,2,0.8406,0.8336,0.2243,12,3,0.8602,0.8041,0.2535,13,2,0.9312,0.7987,0.307,30,4,0.8354,0.8379,0.2069,30,4,0.7648,0.7199,0.1859,7,1,0.876,0.8781,0.123,72,10,0.8215,0.7695,0.2424
"NBack","3.2.0.2","04/04/2012","a","Adult","English","UIC-IJR",99999,1,"01/30/2020","09:51:25",NA,"py","IJR-235a","keyboard",2,-5,-5,1,1,8.6562,NA,0,0,1,-5,-5,-5,0,0,-5,-5,-5,0,0,-5,-5,-5,0,0,-5,-5,-5,1,0,8.6562,NA,0,0,0,-5,-5,-5,1,1,8.6562,NA,0,0,-5,-5,0,0,-5,-5,-5,0,0,-5,-5,-5,0,0,-5,-5,-5,0,0,-5,-5,-5,0,0,-5,-5,-5,0,0,-5,-5,-5,0,0,-5,-5,-5,0,0,-5,-5,-5,0,0,-5,-5,-5,0,0,-5,-5,-5
"NBack","3.2.0.2","04/04/2012","a","Adult","English","UIC-IJR",99999,1,"10/19/2018","12:13:18",NA,"JW","IJR-235a","keyboard",14,-5,-5,11,3,1.2061,0.9265,0.6287,5,0,1.1448,0.9265,0.4045,1,2,1.2267,NA,0,0,1,-5,-5,-5,1,0,2.8464,NA,0,4,0,0.8675,0.7649,0.3006,4,2,0.7509,0.7519,0.1269,5,0,1.5267,1.3672,0.7617,0,-5,-5,0,0,-5,-5,-5,0,0,-5,-5,-5,0,0,-5,-5,-5,0,0,-5,-5,-5,0,0,-5,-5,-5,0,0,-5,-5,-5,0,0,-5,-5,-5,0,0,-5,-5,-5,0,0,-5,-5,-5,0,0,-5,-5,-5
"NBack","3.2.0.2","04/04/2012","a","Adult","English","UIC-IJR",99999,1,"10/19/2018","12:26:14",NA,"JW","IJR-235a","keyboard",30,1.888,0.153,25,5,1.3043,0.6592,1.8744,9,1,1.5136,0.6294,2.6242,1,4,1.223,NA,0,5,0,0.8093,0.8202,0.111,5,0,0.7491,0.7397,0.148,5,0,1.9938,1.1458,2.007,9,2,0.8347,0.6527,0.4845,10,1,2.0858,0.783,2.7405,19,-5,-5,14,5,1.031,0.8926,0.4613,3,2,0.6976,0.6409,0.0817,4,1,0.9607,1.0211,0.232,3,0,1.0026,1.1023,0.1717,3,1,1.508,1.106,0.7333,1,1,0.9658,NA,0,10,3,0.931,1.0341,0.2286,4,1,1.2809,0.8869,0.7257,0,1,-5,-5,-5,14,4,1.031,0.8926,0.4613
"NBack","3.2.0.2","04/04/2012","a","Adult","English","UIC-IJR",99999,2,"10/22/2018","12:43:59",NA,"JW","IJR-235a","keyboard",30,3.078,-0.442,29,1,0.6763,0.6192,0.1729,9,1,0.6512,0.614,0.1413,5,0,0.9386,0.9041,0.1246,5,0,0.602,0.6192,0.0846,5,0,0.6143,0.5771,0.0545,5,0,0.5957,0.519,0.1612,11,0,0.6111,0.5801,0.136,11,0,0.6672,0.6234,0.1583,90,2.744,0.289,81,9,0.8754,0.8657,0.1488,29,1,0.8248,0.8186,0.0827,11,4,0.9502,0.8735,0.1679,14,1,0.8773,0.9219,0.2247,12,3,0.8855,0.8646,0.1364,15,0,0.9086,0.9041,0.1158,32,2,0.8891,0.868,0.1349,29,5,0.8648,0.8615,0.173,3,5,1.0212,0.941,0.1318,78,4,0.8698,0.8596,0.1465
"NBack","3.2.0.2","04/04/2012","a","Adult","English","UIC-IJR",99999,2,"11/26/2018","14:24:05",NA,"rs","IJR-235a",NA,0,-5,-5,0,0,-5,-5,-5,0,0,-5,-5,-5,0,0,-5,-5,-5,0,0,-5,-5,-5,0,0,-5,-5,-5,0,0,-5,-5,-5,0,0,-5,-5,-5,0,0,-5,-5,-5,0,-5,-5,0,0,-5,-5,-5,0,0,-5,-5,-5,0,0,-5,-5,-5,0,0,-5,-5,-5,0,0,-5,-5,-5,0,0,-5,-5,-5,0,0,-5,-5,-5,0,0,-5,-5,-5,0,0,-5,-5,-5,0,0,-5,-5,-5
"NBack","3.2.0.2","04/04/2012","a","Adult","English","UIC-IJR",999999,1,"12/03/2019","12:23:48",NA,"jw","IJR-235a","keyboard",30,2.064,0.065,26,4,0.9871,0.8237,0.557,9,1,0.8436,0.7903,0.2854,3,2,0.9793,0.8689,0.1789,5,0,0.8599,0.8237,0.1909,4,1,0.8076,0.7489,0.192,5,0,1.5206,1.3019,1.0088,10,1,1.0352,0.9986,0.2352,11,0,1.0148,0.7132,0.805,0,-5,-5,0,0,-5,-5,-5,0,0,-5,-5,-5,0,0,-5,-5,-5,0,0,-5,-5,-5,0,0,-5,-5,-5,0,0,-5,-5,-5,0,0,-5,-5,-5,0,0,-5,-5,-5,0,0,-5,-5,-5,0,0,-5,-5,-5
