"task_name","task_version","task_versionDate","task_form","task_ageCohort","task_language","site_id","subject_id","session_num","session_date","session_start","trial_start","initials","machine_id","response_device","total_trials","shift_score","shift_error_diff","color_corr","color_errors","color_mean","color_median","color_stdev","shape_corr","shape_errors","shape_mean","shape_median","shape_stdev","shift_corr","shift_errors","shift_mean","shift_median","shift_stdev","shifted_corr","shifted_errors","shifted_mean","shifted_median","shifted_stdev","nonshifted_corr","nonshifted_errors","nonshifted_mean","nonshifted_median","nonshifted_stdev"
"SetShifting","3.2.0.1","12/30/2011","a","Adult","English","UIC-IJR","0",1,"10/19/2018","17:08:49",NA,"JW","IJR-235a","keyboard",104,9.476,-1,20,0,0.4657,0.4398,0.1264,16,4,0.5023,0.4318,0.1648,61,3,0.5051,0.4478,0.1749,32,3,0.5218,0.4558,0.1871,29,0,0.4867,0.4478,0.1583
"SetShifting","3.2.0.1","12/30/2011","a","Adult","English","UIC-IJR","123",1,"06/20/2018","12:47",NA,"slp","IJR-235a","keyboard",104,6.673,10,8,12,0.8178,0.7198,0.7166,10,10,1.4249,1.4199,0.6925,32,32,0.9098,0.5518,0.9512,13,18,0.7241,0.4398,0.9303,19,14,1.0369,0.8479,0.9444
"SetShifting","3.2.0.1","12/30/2011","a","Adult","English","UIC-IJR","100",1,"10/14/2019","12:09:28",NA,"jw","IJR-235a","keyboard",104,8.308,-4,11,9,0.7264,0.6158,0.3678,20,0,0.5365,0.4959,0.137,59,5,0.717,0.6638,0.2543,29,4,0.7292,0.6478,0.2756,30,1,0.7052,0.6639,0.2312
"SetShifting","3.2.0.1","12/30/2011","a","Adult","English","UIC-IJR","101",1,"11/08/2019","13:54:10",NA,"jw","IJR-235a","keyboard",104,8.151,2,16,4,0.5323,0.4839,0.1748,19,1,0.6078,0.5199,0.2903,57,7,0.7798,0.6639,0.3329,28,7,0.8707,0.8118,0.3586,29,0,0.692,0.5759,0.2793
"SetShifting","3.2.0.1","12/30/2011","a","Adult","English","UIC-IJR","102",1,"11/18/2019","16:50:58",NA,"jw","IJR-235a","keyboard",104,7.934,5,20,0,0.5718,0.5279,0.1179,20,0,0.496,0.4758,0.0857,59,5,0.8602,0.7678,0.3845,32,4,0.9451,0.8519,0.4456,27,1,0.7595,0.6798,0.2626
"SetShifting","3.2.0.1","12/30/2011","a","Adult","English","UIC-IJR","103",1,"12/13/2019","14:46:23",NA,"jw","IJR-235a","keyboard",104,7.057,9,20,0,0.847,0.7718,0.3114,19,1,0.7456,0.7035,0.2602,54,10,1.0927,0.9279,0.5169,26,6,1.2503,1.04,0.6083,28,4,0.9464,0.8798,0.3566
"SetShifting","3.2.0.1","12/30/2011","a","Adult","English","UIC-IJR","104",1,"12/03/2019","19:00:18",NA,"jw","IJR-235a","keyboard",104,7.328,5,20,0,0.8178,0.7038,0.3345,20,0,0.9614,0.9518,0.1841,59,5,1.0263,0.9718,0.3581,30,3,1.091,1.0078,0.4053,29,2,0.9593,0.8959,0.2865
"SetShifting","3.2.0.1","12/30/2011","a","Adult","English","UIC-IJR","105",1,"12/09/2019","17:36:43",NA,"jw","IJR-235a","keyboard",104,7.923,6,20,0,0.4382,0.4318,0.0535,18,2,0.5772,0.5398,0.1704,56,8,0.7695,0.7038,0.2825,25,5,0.7912,0.7998,0.2621,31,3,0.7521,0.6758,0.2969
"SetShifting","3.2.0.1","12/30/2011","a","Adult","English","UIC-IJR","106",1,"01/23/2020","13:30:53",NA,"jw","IJR-235a","keyboard",104,8.121,-7,9,11,0.9331,0.7678,0.7645,20,0,0.5828,0.5492,0.1041,60,4,0.8746,0.7358,0.4567,28,3,0.9261,0.7359,0.541,32,1,0.8296,0.6718,0.3613
"SetShifting","3.2.0.1","12/30/2011","a","Adult","English","UIC-IJR","109",1,"01/27/2020","13:18:35",NA,"jw","IJR-235a","keyboard",104,9.072,3,20,0,0.4362,0.4118,0.0909,20,0,0.526,0.4999,0.1252,61,3,0.7441,0.524,0.4781,30,3,0.7817,0.6319,0.4442,31,0,0.7077,0.4638,0.506
"SetShifting","3.2.0.1","12/30/2011","a","Adult","English","UIC-IJR","110",1,"03/04/2020","10:20:59",NA,"py","IJR-235a","keyboard",104,8.891,-2,20,0,0.484,0.4559,0.1083,18,2,0.8798,0.6998,0.3944,64,0,0.7936,0.6158,0.4114,36,0,0.8038,0.6079,0.452,28,0,0.7804,0.6478,0.3518
"SetShifting","3.2.0.1","12/30/2011","a","Adult","English","UIC-IJR","111",1,"02/13/2020","16:58:11",NA,"jw","IJR-235a","keyboard",104,8.357,0,19,1,0.4293,0.3878,0.0724,15,5,0.5428,0.4999,0.1605,58,6,0.8045,0.6318,0.4328,30,4,0.758,0.6318,0.3765,28,2,0.8544,0.6318,0.481
"SetShifting","3.2.0.1","12/30/2011","a","Adult","English","UIC-IJR","112",1,"07/17/2020","12:57:14",NA,"jw","IJR-235a","keyboard",104,9.177,2,20,0,0.4261,0.4078,0.0777,18,2,0.5172,0.4798,0.1533,60,4,0.5392,0.4879,0.1795,30,3,0.5678,0.5239,0.1905,30,1,0.5105,0.4718,0.1628
"SetShifting","3.2.0.1","12/30/2011","a","Adult","English","UIC-IJR","113",1,"08/03/2020","09:58:43",NA,"JW","IJR-235a","keyboard",104,7.323,0,20,0,0.7173,0.6758,0.1322,19,1,1.0116,0.9439,0.286,63,1,1.2075,1.0999,0.4544,33,1,1.308,1.2478,0.4484,30,0,1.0969,1.0398,0.4347
"SetShifting","3.2.0.1","12/30/2011","a","Adult","English","UIC-IJR","114",1,"08/13/2020","14:38:47",NA,"jw","IJR-235a","keyboard",104,7.704,4,19,1,0.5885,0.5678,0.0915,20,0,0.5997,0.5519,0.1996,59,5,0.8336,0.8398,0.2988,30,4,0.8809,0.8919,0.2956,29,1,0.7847,0.648,0.2942
"SetShifting","3.2.0.1","12/30/2011","a","Adult","English","UIC-IJR","116",1,"09/03/2020","17:20:29",NA,"JW","IJR-235a","keyboard",104,9.114,-1,19,1,0.6663,0.5918,0.2434,19,1,0.6285,0.4958,0.3861,63,1,0.6847,0.5478,0.3393,31,1,0.7456,0.5918,0.4108,32,0,0.6256,0.5118,0.2366
"SetShifting","3.2.0.1","12/30/2011","a","Adult","English","USC_CAR_Lab","118",1,"04/19/2022","13:43:20",NA,"PS","PARTICIPANT_COMPUTER","keyboard",104,8.297,0,20,0,0.6583,0.6558,0.1311,20,0,0.7994,0.68,0.3499,64,0,0.8761,0.7762,0.3534,33,0,0.9383,0.8481,0.3655,31,0,0.8099,0.7038,0.3275
"SetShifting","3.2.0.1","12/30/2011","a","Adult","English","USC_CAR_Lab","119",1,"05/02/2022","12:57:06",NA,"PS","PARTICIPANT_COMPUTER","keyboard",104,8.308,5,20,0,0.5274,0.5119,0.1111,20,0,0.5559,0.5199,0.1492,59,5,0.7552,0.6638,0.2646,29,4,0.7764,0.6637,0.3075,30,1,0.7348,0.7199,0.2132
"SetShifting","3.2.0.1","12/30/2011","a","Adult","English","USC_CAR_Lab","120",1,"08/19/2022","12:42:42",NA,"kk","PARTICIPANT_COMPUTER","keyboard",104,9.508,1,19,1,0.4494,0.4558,0.0457,20,0,0.4559,0.4399,0.0781,62,2,0.5284,0.4559,0.2208,33,1,0.5577,0.4638,0.2466,29,1,0.495,0.4399,0.1815
"SetShifting","3.2.0.1","12/30/2011","a","Adult","English","USC_CAR_Lab","121",1,"04/29/2022","14:51:30",NA,"PS","PARTICIPANT_COMPUTER","keyboard",104,7.49,1,19,1,1.0091,0.9039,0.4102,20,0,0.777,0.7233,0.1756,62,2,1.0822,0.9998,0.3713,32,2,1.1349,1.1198,0.3146,30,0,1.026,0.9358,0.4163
"SetShifting","3.2.0.1","12/30/2011","a","Adult","English","USC_CAR_Lab","123",1,"12/12/2022","13:50:18",NA,"KK","PARTICIPANT_COMPUTER","keyboard",104,8.306,1,19,1,0.729,0.6959,0.2036,20,0,0.8143,0.7679,0.2327,62,2,0.8522,0.7278,0.4793,31,2,0.9348,0.8398,0.5799,31,0,0.7697,0.6959,0.3311
"SetShifting","3.2.0.1","12/30/2011","a","Adult","English","USC_CAR_Lab","124",1,"11/21/2022","17:29:53",NA,"kk","PARTICIPANT_COMPUTER","keyboard",104,8.37,3,20,0,0.4274,0.3999,0.115,18,2,0.4932,0.4239,0.1804,59,5,0.688,0.6479,0.256,32,3,0.7233,0.6479,0.2616,27,2,0.6461,0.6159,0.2427
"SetShifting","3.2.0.1","12/30/2011","a","Adult","English","USC_CAR_Lab","125",1,"01/23/2023","14:02:45",NA,"kk","PARTICIPANT_COMPUTER","keyboard",104,7.894,8,20,0,0.6263,0.6079,0.1788,20,0,0.6154,0.579,0.1433,56,8,0.7633,0.7119,0.253,27,5,0.8422,0.8239,0.2621,29,3,0.6898,0.6478,0.2202
"SetShifting","3.2.0.1","12/30/2011","a","Adult","English","USC_CAR_Lab","127",1,"12/13/2022","17:53:26",NA,"kk","PARTICIPANT_COMPUTER","keyboard",104,7.795,-1,17,3,0.6987,0.6319,0.2364,20,0,0.5112,0.4879,0.1299,62,2,0.875,0.8879,0.3621,32,1,0.9064,1.0078,0.3414,30,1,0.8414,0.7758,0.3801
"SetShifting","3.2.0.1","12/30/2011","a","Adult","English","USC_CAR_Lab","131",1,"10/30/2023","12:38:00",NA,"UF","PARTICIPANT_COMPUTER","keyboard",104,9.844,2,20,0,0.3439,0.3279,0.0752,20,0,0.3834,0.3759,0.0428,62,2,0.4373,0.3758,0.1606,34,2,0.4577,0.3918,0.1748,28,0,0.4124,0.3599,0.1374
"SetShifting","3.2.0.1","12/30/2011","a","Adult","English","USC_CAR_Lab","132",1,"10/09/2023","16:28:29",NA,"kk","PARTICIPANT_COMPUTER","keyboard",104,9.397,4,20,0,0.4087,0.3759,0.0732,20,0,0.4266,0.3919,0.1241,60,4,0.5028,0.4478,0.1801,33,3,0.5339,0.4559,0.216,27,1,0.4647,0.4398,0.1117
"SetShifting","3.2.0.1","12/30/2011","a","Adult","English","USC_CAR_Lab","134",1,"12/19/2023","15:49:50",NA,"kk","PARTICIPANT_COMPUTER","keyboard",104,7.648,2,20,0,0.593,0.5518,0.1076,19,1,0.631,0.6079,0.1941,61,3,0.9655,0.9119,0.3767,32,3,1.0804,1.1118,0.3516,29,0,0.8388,0.7359,0.3626
"SetShifting","3.2.0.1","12/30/2011","a","Adult","English","USC_CAR_Lab","135",1,"11/20/2023","11:11:02",NA,"kk","PARTICIPANT_COMPUTER","keyboard",104,8.25,1,19,1,0.471,0.4638,0.0849,20,0,0.5306,0.5039,0.1348,62,2,0.8811,0.7438,0.3926,29,0,0.9027,0.7278,0.4339,33,2,0.8622,0.7918,0.3512
"SetShifting","3.2.0.1","12/30/2011","a","Adult","English","USC_CAR_Lab","136",1,"12/19/2023","13:04:24",NA,"UF","PARTICIPANT_COMPUTER","keyboard",104,8.167,0,19,1,0.9847,1.1119,0.3411,20,0,0.7183,0.6878,0.1847,63,1,0.8145,0.7919,0.3007,34,1,0.8676,0.8639,0.2964,29,0,0.7521,0.6319,0.2936
"SetShifting","3.2.0.1","12/30/2011","a","Adult","English","UIC-IJR","1903",1,"02/20/2019","12:46:07",NA,"Jw","IJR-235a","keyboard",104,7.429,-1,20,0,0.8168,0.753,0.2333,19,1,0.7834,0.7399,0.1757,64,0,1.1571,1.0878,0.3768,36,0,1.1207,1.0238,0.3589,28,0,1.2038,1.1038,0.3937
"SetShifting","3.2.0.1","12/30/2011","a","Adult","English","UIC-IJR","1912",1,"08/08/2019","15:05:30",NA,"rs","IJR-235a","keyboard",104,8.481,2,20,0,0.5938,0.6238,0.1625,20,0,0.6686,0.6118,0.1356,62,2,0.7725,0.6798,0.2931,35,1,0.7813,0.7358,0.2769,27,1,0.761,0.6399,0.3125
"SetShifting","3.2.0.1","12/30/2011","a","Adult","English","UIC-IJR","1917",1,"10/18/2018","16:12:36",NA,"JW","IJR-235a","keyboard",104,8.596,4,20,0,0.3875,0.3879,0.103,20,0,0.5998,0.5678,0.1927,60,4,0.7937,0.6118,0.5402,32,2,0.7658,0.7038,0.4844,28,2,0.8255,0.6078,0.5961
"SetShifting","3.2.0.1","12/30/2011","a","Adult","English","UIC-IJR","1928",1,"04/17/2019","12:21:43",NA,"jw","IJR-235a","keyboard",104,8.499,0,19,1,0.6739,0.5359,0.6134,20,0,0.5899,0.5607,0.1474,63,1,0.8015,0.6959,0.2897,34,1,0.797,0.6839,0.2906,29,0,0.8067,0.7598,0.2887
"SetShifting","3.2.0.1","12/30/2011","a","Adult","English","UIC-IJR","1966",1,"06/26/2019","15:00:55",NA,"jw","IJR-235a","keyboard",104,8.683,0,20,0,0.4682,0.4318,0.0926,19,1,0.5283,0.4798,0.1461,63,1,0.6378,0.6479,0.2055,33,1,0.6476,0.6479,0.2057,30,0,0.627,0.6438,0.2048
"SetShifting","3.2.0.1","12/30/2011","a","Adult","English","UIC-IJR","1968",1,"11/01/2018","11:21:20",NA,"jw","IJR-235a","keyboard",104,9.95,-1,19,1,0.38,0.3919,0.0519,20,0,0.4086,0.4038,0.0572,64,0,0.4141,0.4078,0.0591,34,0,0.4318,0.4238,0.0619,30,0,0.3939,0.3799,0.0485
"SetShifting","3.2.0.1","12/30/2011","a","Adult","English","UIC-IJR","1969",1,"03/13/2019","16:14:22",NA,"jw","IJR-235a","keyboard",104,9.519,1,20,0,0.4347,0.4478,0.0625,20,0,0.5886,0.5598,0.1443,63,1,0.5231,0.4679,0.1557,30,1,0.5438,0.4958,0.1721,33,0,0.5043,0.4558,0.1363
"SetShifting","3.2.0.1","12/30/2011","a","Adult","English","UIC-IJR","1974",1,"01/14/2019","12:22:08",NA,"rs","IJR-235a","keyboard",104,9.638,4,20,0,0.361,0.3478,0.0796,20,0,0.4149,0.3679,0.125,60,4,0.5077,0.4078,0.222,31,3,0.4961,0.4078,0.1948,29,1,0.5201,0.4078,0.2473
"SetShifting","3.2.0.1","12/30/2011","a","Adult","English","UIC-IJR","1985",1,"06/23/2019","11:46:01",NA,"jw","IJR-235a","keyboard",104,8.152,7,20,0,0.521,0.4559,0.1325,20,0,0.5246,0.4958,0.1367,57,7,0.6963,0.6637,0.2161,26,7,0.7152,0.6639,0.1901,31,0,0.6803,0.6637,0.2345
"SetShifting","3.2.0.1","12/30/2011","a","Adult","English","UIC-IJR","1992",1,"01/29/2019","18:19:33",NA,"jw","IJR-235a","keyboard",104,7.753,8,20,0,0.6778,0.5879,0.2509,20,0,0.5998,0.5597,0.1467,56,8,0.9931,0.7519,0.5859,28,4,0.9067,0.7519,0.4631,28,4,1.0795,0.7158,0.6762
"SetShifting","3.2.0.1","12/30/2011","a","Adult","English","UIC-IJR","1995",1,"02/05/2019","18:27:27",NA,"jw","IJR-235a","keyboard",104,9.352,3,20,0,0.3538,0.3519,0.0397,19,1,0.4087,0.3918,0.0615,60,4,0.5146,0.4558,0.1794,30,3,0.5302,0.4918,0.1707,30,1,0.499,0.4479,0.1863
"SetShifting","3.2.0.1","12/30/2011","a","Adult","English","UIC-IJR","2910",1,"12/21/2018","16:26:25",NA,"jw","IJR-235a","keyboard",104,8.392,1,20,0,0.4722,0.4638,0.1129,19,1,0.4883,0.4799,0.0844,62,2,0.7903,0.7039,0.3479,34,1,0.8361,0.7518,0.3712,28,1,0.7347,0.6918,0.3082
"SetShifting","3.2.0.1","12/30/2011","a","Adult","English","UIC-IJR","2914",1,"02/01/2019","12:00:47",NA,"jw","IJR-235a","keyboard",104,9.587,3,20,0,0.3584,0.3639,0.0338,19,1,0.439,0.4319,0.0563,60,4,0.4338,0.4159,0.0683,29,2,0.4164,0.3958,0.0599,31,2,0.4502,0.4239,0.0715
"SetShifting","3.2.0.1","12/30/2011","a","Adult","English","UIC-IJR","2919",1,"11/13/2018","11:55:55",NA,"rs","IJR-235a","keyboard",104,8.446,4,19,1,0.6548,0.6078,0.2481,18,2,0.7421,0.5918,0.2864,57,7,0.6424,0.5919,0.2357,27,5,0.724,0.6878,0.2327,30,2,0.5689,0.5358,0.2131
"SetShifting","3.2.0.1","12/30/2011","a","Adult","English","UIC-IJR","2927",1,"05/20/2019","11:02:24",NA,"jps","IJR-235a","keyboard",104,9.599,2,20,0,0.3954,0.3918,0.0615,20,0,0.4348,0.4318,0.0897,62,2,0.5113,0.4399,0.155,34,2,0.5097,0.4319,0.1445,28,0,0.5133,0.4399,0.1669
"SetShifting","3.2.0.1","12/30/2011","a","Adult","English","UIC-IJR","2942",1,"02/28/2019","11:02:40",NA,"jw","IJR-235a","keyboard",104,9.71,0,20,0,0.4158,0.4118,0.0376,20,0,0.4664,0.4599,0.0494,64,0,0.4612,0.4478,0.0758,30,0,0.4633,0.4478,0.0724,34,0,0.4594,0.4478,0.0787
"SetShifting","3.2.0.1","12/30/2011","a","Adult","English","UIC-IJR","2948",1,"11/28/2018","18:02:07",NA,"rs","IJR-235a","keyboard",104,9.065,2,16,4,0.3983,0.3839,0.0724,20,0,0.4062,0.3878,0.0678,58,6,0.5339,0.4796,0.2044,29,4,0.6031,0.5438,0.2155,29,2,0.4646,0.4078,0.166
"SetShifting","3.2.0.1","12/30/2011","a","Adult","English","UIC-IJR","2950",1,"10/25/2018","10:15:08",NA,"rs","IJR-235a","keyboard",104,9.375,5,20,0,0.3066,0.3078,0.035,17,3,0.3292,0.3118,0.046,56,8,0.3368,0.3278,0.0544,30,5,0.3377,0.3278,0.048,26,3,0.3358,0.3238,0.061
"SetShifting","3.2.0.1","12/30/2011","a","Adult","English","UIC-IJR","2959",1,"07/23/2019","15:04:40",NA,"jw","IJR-235a","keyboard",104,8.741,4,20,0,0.4514,0.4239,0.1288,17,3,0.4563,0.4398,0.0644,57,7,0.5768,0.5278,0.1997,29,5,0.5416,0.5278,0.1406,28,2,0.6133,0.5118,0.241
"SetShifting","3.2.0.1","12/30/2011","a","Adult","English","UIC-IJR","2974",1,"11/30/2018","17:29:39",NA,"jw","IJR-235a","keyboard",104,8.246,6,20,0,0.4362,0.4118,0.1018,19,1,0.5002,0.4599,0.1371,57,7,0.6742,0.6398,0.2146,30,5,0.7078,0.6558,0.2096,27,2,0.6369,0.5958,0.2139
"SetShifting","3.2.0.1","12/30/2011","a","Adult","English","UIC-IJR","2976",1,"05/21/2019","12:21:09",NA,"jw","IJR-235a","keyboard",104,9.725,1,20,0,0.4306,0.3919,0.1404,20,0,0.4736,0.3998,0.1461,63,1,0.4568,0.4319,0.1112,29,1,0.4531,0.4479,0.0781,34,0,0.4601,0.4238,0.1331
"SetShifting","3.2.0.1","12/30/2011","a","Adult","English","UIC-IJR","2978",1,"05/02/2019","10:01:26",NA,"jw","IJR-235a","keyboard",104,9.619,0,20,0,0.5426,0.5278,0.1929,20,0,0.4451,0.4358,0.0453,64,0,0.5705,0.4639,0.239,35,0,0.5557,0.4479,0.255,29,0,0.5882,0.4958,0.2169
"SetShifting","3.2.0.1","12/30/2011","a","Adult","English","UIC-IJR","3902",1,"04/16/2019","18:21:41",NA,"jw","IJR-235a","keyboard",104,6.675,6,20,0,0.7439,0.6719,0.1904,20,0,1.1494,0.9799,0.5373,58,6,1.5249,1.2159,0.8443,27,4,1.6164,1.2079,1.04,31,2,1.4453,1.3119,0.6148
"SetShifting","3.2.0.1","12/30/2011","a","Adult","English","UIC-IJR","3916",1,"06/05/2019","12:47:55",NA,"jw","IJR-235a","keyboard",104,8.481,-10,3,17,0.5225,0.4799,0.078,20,0,0.4906,0.4959,0.0476,57,7,0.6365,0.5839,0.1655,29,3,0.711,0.6718,0.1723,28,4,0.5593,0.5358,0.1153
"SetShifting","3.2.0.1","12/30/2011","a","Adult","English","UIC-IJR","3917",1,"06/17/2019","15:12:01",NA,"jw","IJR-235a","keyboard",104,8.434,5,20,0,0.4605,0.4598,0.0626,20,0,0.4886,0.4598,0.0862,59,5,0.6728,0.6319,0.2246,28,4,0.6847,0.6439,0.2125,31,1,0.662,0.6078,0.2345
"SetShifting","3.2.0.1","12/30/2011","a","Adult","English","UIC-IJR","3918",1,"07/03/2019","16:19:13",NA,"jw","IJR-235a","keyboard",104,9.055,2,20,0,0.5042,0.4958,0.0971,20,0,0.4937,0.4558,0.1256,62,2,0.5819,0.5438,0.1629,31,2,0.5929,0.5837,0.1603,31,0,0.5709,0.5118,0.1648
"SetShifting","3.2.0.1","12/30/2011","a","Adult","English","UIC-IJR","3919",1,"07/18/2019","18:19:16",NA,"jw","IJR-235a","keyboard",104,9.33,3,19,1,0.4638,0.4399,0.0961,20,0,0.4356,0.4239,0.0653,60,4,0.5264,0.4598,0.1809,30,4,0.5481,0.4798,0.172,30,0,0.5047,0.4399,0.1868
"SetShifting","3.2.0.1","12/30/2011","a","Adult","English","UIC-IJR","3920",1,"07/10/2019","09:31:44",NA,"jw","IJR-235a","keyboard",104,9.073,4,19,1,0.3539,0.3438,0.0673,18,2,0.3603,0.3318,0.0662,57,7,0.4748,0.4638,0.1351,29,6,0.4677,0.4719,0.0787,28,1,0.4821,0.4158,0.175
"SetShifting","3.2.0.1","12/30/2011","a","Adult","English","UIC-IJR","3921",1,"08/01/2019","10:10:02",NA,"jw","IJR-235a","keyboard",104,9.054,4,20,0,0.4442,0.4559,0.0443,20,0,0.4562,0.4559,0.0415,60,4,0.5521,0.5118,0.1498,31,4,0.6202,0.5758,0.1563,29,0,0.4793,0.4478,0.1002
"SetShifting","3.2.0.1","12/30/2011","a","Adult","English","UIC-IJR","3922",1,"07/05/2019","09:42:31",NA,"rs","IJR-235a","keyboard",104,9.844,2,20,0,0.3632,0.3559,0.0385,20,0,0.3794,0.3918,0.0413,62,2,0.409,0.3919,0.0611,31,2,0.4047,0.3998,0.053,31,0,0.4133,0.3919,0.068
"SetShifting","3.2.0.1","12/30/2011","a","Adult","English","UIC-IJR","3923",1,"07/19/2019","12:48:14",NA,"jw","IJR-235a","keyboard",104,8.499,1,20,0,0.5979,0.584,0.1339,20,0,0.613,0.5678,0.1507,63,1,0.7398,0.6959,0.2046,30,1,0.7942,0.7358,0.2205,33,0,0.6903,0.6638,0.175
"SetShifting","3.2.0.1","12/30/2011","a","Adult","English","UIC-IJR","3924",1,"07/25/2019","18:51:59",NA,"jw","IJR-235a","keyboard",104,7.537,1,20,0,0.9458,0.7678,0.4225,20,0,0.7576,0.6879,0.2064,63,1,1.0961,1.0118,0.4648,32,1,1.1631,1.0438,0.5494,31,0,1.0269,0.9998,0.3435
"SetShifting","3.2.0.1","12/30/2011","a","Adult","English","UIC-IJR","3926",1,"09/11/2019","09:01:57",NA,"jw","IJR-235a","keyboard",104,7.962,2,20,0,0.6262,0.5837,0.1691,20,0,0.6493,0.6158,0.1453,62,2,1.1428,0.8319,0.6618,32,2,1.0211,0.8638,0.4533,30,0,1.2726,0.8798,0.8082
"SetShifting","3.2.0.1","12/30/2011","a","Adult","English","UIC-IJR","3927",1,"09/09/2019","14:24:05",NA,"jw","IJR-235a","keyboard",104,8.294,4,20,0,0.685,0.6558,0.1828,20,0,0.5802,0.5559,0.1225,60,4,0.75,0.6879,0.3078,31,3,0.8014,0.7598,0.3313,29,1,0.695,0.6478,0.2699
"SetShifting","3.2.0.1","12/30/2011","a","Adult","English","UIC-IJR","3928",1,"10/09/2019","10:20:56",NA,"jw","IJR-235a","keyboard",104,8.573,2,20,0,0.5535,0.5438,0.0508,20,0,0.6074,0.6038,0.0502,62,2,0.7096,0.6558,0.1617,34,1,0.7502,0.7358,0.1576,28,1,0.6604,0.6238,0.1527
"SetShifting","3.2.0.1","12/30/2011","a","Adult","English","UIC-IJR","3929",1,"10/02/2019","09:49:24",NA,"jw","IJR-235a","keyboard",104,8.421,1,20,0,0.6138,0.5758,0.1722,19,1,0.4988,0.4958,0.0979,62,2,0.7344,0.6959,0.2754,31,2,0.7655,0.7118,0.2984,31,0,0.7033,0.6158,0.2465
"SetShifting","3.2.0.1","12/30/2011","a","Adult","English","UIC-IJR","3930",1,"10/07/2019","17:20:56",NA,"jw","IJR-235a","keyboard",104,9.744,2,20,0,0.363,0.3518,0.0529,20,0,0.4022,0.3837,0.0504,62,2,0.4418,0.4158,0.0896,30,2,0.459,0.4318,0.1052,32,0,0.4256,0.4078,0.068
"SetShifting","3.2.0.1","12/30/2011","a","Adult","English","UIC-IJR","3932",1,"10/02/2019","17:26:20",NA,"jw","IJR-235a","keyboard",104,8.343,3,20,0,0.471,0.4838,0.0617,20,0,0.4866,0.4758,0.0791,61,3,0.8064,0.6959,0.3341,30,3,0.8289,0.7878,0.3242,31,0,0.7846,0.6638,0.342
"SetShifting","3.2.0.1","12/30/2011","a","Adult","English","UIC-IJR","3933",1,"10/25/2019","15:46:27",NA,"jw","IJR-235a","keyboard",104,9.289,0,20,0,0.519,0.4718,0.1121,19,1,0.5581,0.4718,0.1878,63,1,0.5936,0.5118,0.2371,31,1,0.5714,0.5038,0.193,32,0,0.6151,0.5398,0.2714
"SetShifting","3.2.0.1","12/30/2011","a","Adult","English","UIC-IJR","3934",1,"01/31/2020","16:09:37",NA,"jw","IJR-235a","keyboard",104,8.585,10,20,0,0.4496,0.4238,0.0914,20,0,0.4762,0.4758,0.0875,54,10,0.5814,0.5118,0.2153,27,4,0.6606,0.5359,0.2639,27,6,0.5023,0.4879,0.1027
"SetShifting","3.2.0.1","12/30/2011","a","Adult","English","UIC-IJR","3935",1,"11/01/2019","16:54:31",NA,"jw","IJR-235a","keyboard",104,8.412,6,20,0,0.5204,0.4918,0.1197,19,1,0.4866,0.4638,0.1052,57,7,0.6743,0.5998,0.2109,29,5,0.7209,0.6158,0.2292,28,2,0.6261,0.5677,0.1776
"SetShifting","3.2.0.1","12/30/2011","a","Adult","English","UIC-IJR","3936",1,"10/25/2019","13:51:38",NA,"jw","IJR-235a","keyboard",104,8.284,3,20,0,0.6182,0.5439,0.2444,20,0,0.5546,0.5158,0.1559,61,3,0.7248,0.7119,0.2136,33,2,0.7637,0.7439,0.1986,28,1,0.679,0.6679,0.2214
"SetShifting","3.2.0.1","12/30/2011","a","Adult","English","UIC-IJR","3937",1,"12/19/2019","09:46:41",NA,"jw","IJR-235a","keyboard",104,9.844,2,20,0,0.3694,0.3678,0.0262,20,0,0.3774,0.3758,0.0392,62,2,0.3988,0.3919,0.0551,30,2,0.3964,0.3919,0.0463,32,0,0.4011,0.3918,0.0622
"SetShifting","3.2.0.1","12/30/2011","a","Adult","English","UIC-IJR","3938",1,"11/13/2019","14:01:03",NA,"jw","IJR-235a","keyboard",104,8.82,5,20,0,0.509,0.4798,0.0917,20,0,0.4905,0.4958,0.0651,59,5,0.6523,0.5439,0.2404,32,3,0.6883,0.5359,0.2793,27,2,0.6096,0.5599,0.1747
"SetShifting","3.2.0.1","12/30/2011","a","Adult","English","UIC-IJR","3939",1,"12/04/2019","16:46:56",NA,"jw","IJR-235a","keyboard",104,7.943,4,17,3,0.5349,0.4718,0.1721,20,0,0.5579,0.5439,0.0974,57,7,0.8888,0.7199,0.4348,29,2,0.9091,0.6878,0.4708,28,5,0.8678,0.7678,0.393
"SetShifting","3.2.0.1","12/30/2011","a","Adult","English","UIC-IJR","3940",1,"11/19/2019","10:59:35",NA,"jw","IJR-235a","keyboard",104,7.835,2,20,0,0.6342,0.5877,0.1811,19,1,0.7076,0.6238,0.1747,61,3,0.9057,0.8478,0.317,34,2,0.9382,0.9318,0.3257,27,1,0.8647,0.7438,0.3009
"SetShifting","3.2.0.1","12/30/2011","a","Adult","English","UIC-IJR","3941",1,"01/03/2020","10:09:40",NA,"jw","IJR-235a","keyboard",104,9.037,4,19,1,0.4335,0.4239,0.0604,20,0,0.421,0.4278,0.0587,59,5,0.5271,0.4998,0.165,31,3,0.5805,0.5278,0.1665,28,2,0.4681,0.4038,0.1417
"SetShifting","3.2.0.1","12/30/2011","a","Adult","English","UIC-IJR","3942",1,"01/06/2020","16:04:41",NA,"py","IJR-235a","keyboard",104,7.674,4,20,0,0.5722,0.5118,0.2097,20,0,0.5414,0.5038,0.1176,60,4,1.0203,0.8756,0.5262,30,3,1.0713,0.9757,0.4903,30,1,0.9694,0.8558,0.5552
"SetShifting","3.2.0.1","12/30/2011","a","Adult","English","UIC-IJR","3943",1,"02/01/2020","09:46:32",NA,"jw","IJR-235a","keyboard",104,8.356,1,20,0,0.4838,0.4518,0.1115,20,0,0.5182,0.4878,0.1018,63,1,0.7528,0.7357,0.2862,33,1,0.7584,0.688,0.2739,30,0,0.7468,0.7999,0.299
"SetShifting","3.2.0.1","12/30/2011","a","Adult","English","UIC-IJR","3944",1,"02/04/2020","09:54:52",NA,"py","IJR-235a","keyboard",104,9.298,0,18,2,0.5194,0.4758,0.1397,19,1,0.4003,0.3679,0.077,61,3,0.5281,0.4798,0.2225,29,3,0.5198,0.4318,0.2217,32,0,0.5356,0.4799,0.223
"SetShifting","3.2.0.1","12/30/2011","a","Adult","English","UIC-IJR","3945",1,"02/27/2020","12:08:34",NA,"jw","IJR-235a","keyboard",104,7.605,2,20,0,0.6534,0.6079,0.1846,20,0,0.6606,0.6119,0.1472,62,2,0.9522,0.9559,0.3488,33,2,0.994,1.0158,0.3413,29,0,0.9047,0.8638,0.3512
"SetShifting","3.2.0.1","12/30/2011","a","Adult","English","UIC-IJR","3946",1,"02/18/2020","16:06:48",NA,"py","IJR-235a","keyboard",104,8.769,2,20,0,0.6106,0.5879,0.1519,20,0,0.5629,0.5678,0.1229,62,2,0.6992,0.6078,0.2579,28,2,0.7018,0.6078,0.2689,34,0,0.697,0.5998,0.2484
"SetShifting","3.2.0.1","12/30/2011","a","Adult","English","UIC-IJR","3947",1,"02/27/2020","09:20:30",NA,"py","IJR-235a","keyboard",104,8.824,4,20,0,0.443,0.4279,0.0604,20,0,0.4478,0.3999,0.107,60,4,0.6226,0.5598,0.2044,26,4,0.6506,0.6039,0.2189,34,0,0.6012,0.5438,0.1898
"SetShifting","3.2.0.1","12/30/2011","a","Adult","English","UIC-IJR","3948",1,"08/04/2020","16:03:31",NA,"JW","IJR-235a","keyboard",104,7.907,5,20,0,0.6799,0.7038,0.2029,20,0,0.6234,0.5839,0.2391,59,5,0.9993,0.7759,0.5195,31,4,1.0491,0.9398,0.4634,28,1,0.9441,0.7038,0.5702
"SetShifting","3.2.0.1","12/30/2011","a","Adult","English","UIC-IJR","3950",1,"07/24/2020","13:26:31",NA,"JW","IJR-235a","keyboard",104,8.861,3,20,0,0.389,0.3843,0.0465,19,1,0.5695,0.5599,0.1012,60,4,0.6129,0.5517,0.2127,34,2,0.6587,0.6159,0.238,26,2,0.553,0.5439,0.155
"SetShifting","3.2.0.1","12/30/2011","a","Adult","English","UIC-IJR","3951",1,"07/20/2020","14:57:26",NA,"JW","IJR-235a","keyboard",104,8.605,2,20,0,0.5902,0.5998,0.0897,20,0,0.6301,0.6678,0.164,62,2,0.7268,0.6478,0.2566,30,1,0.7697,0.6918,0.297,32,1,0.6866,0.6358,0.2038
"SetShifting","3.2.0.1","12/30/2011","a","Adult","English","UIC-IJR","3954",1,"08/13/2020","10:46:41",NA,"jw","IJR-235a","keyboard",104,8.936,2,20,0,0.4804,0.4478,0.12,17,3,0.5325,0.4878,0.1494,59,5,0.5758,0.5198,0.1858,27,4,0.5824,0.5358,0.1407,32,1,0.5703,0.5118,0.2165
"SetShifting","3.2.0.1","12/30/2011","a","Adult","English","UIC-IJR","3955",1,"07/21/2020","11:39:52",NA,"jw","IJR-235a","keyboard",104,7.1,4,20,0,0.5488,0.4878,0.1806,9,11,0.5723,0.487,0.236,49,15,0.862,0.7838,0.415,29,5,0.9077,0.8799,0.4687,20,10,0.7958,0.7079,0.3098
"SetShifting","3.2.0.1","12/30/2011","a","Adult","English","UIC-IJR","3956",1,"07/24/2020","10:51:07",NA,"jw","IJR-235a","keyboard",104,8.725,3,20,0,0.6338,0.6118,0.246,20,0,0.5883,0.5518,0.149,61,3,0.7687,0.5998,0.4969,31,1,0.8447,0.6798,0.4779,30,2,0.6902,0.56,0.504
"SetShifting","3.2.0.1","12/30/2011","a","Adult","English","UIC-IJR","3957",1,"08/20/2020","12:55:08",NA,"jw","IJR-235a","keyboard",104,7.57,-12,4,16,0.7138,0.6638,0.1475,20,0,0.8387,0.8201,0.1814,60,4,1.0717,0.9118,0.5606,32,4,1.0346,0.7839,0.5089,28,0,1.1141,0.9438,0.6117
"SetShifting","3.2.0.1","12/30/2011","a","Adult","English","UIC-IJR","3959",1,"07/30/2020","10:48:07",NA,"JW","IJR-235a","keyboard",104,8.462,0,20,0,0.5345,0.4878,0.1411,20,0,0.6038,0.5519,0.2025,64,0,0.8128,0.7279,0.3493,36,0,0.8887,0.8998,0.3049,28,0,0.7153,0.6479,0.3774
"SetShifting","3.2.0.1","12/30/2011","a","Adult","English","USC_CAR_Lab","3961",1,"11/28/2022","16:14:55",NA,"kk","PARTICIPANT_COMPUTER","keyboard",104,9.327,-1,20,0,0.4026,0.3919,0.0466,19,1,0.7498,0.5999,0.416,64,0,0.6196,0.5198,0.2227,33,0,0.6508,0.5198,0.2425,31,0,0.5864,0.5198,0.194
"SetShifting","3.2.0.1","12/30/2011","a","Adult","English","USC_CAR_Lab","3962",1,"04/20/2022","11:13:15",NA,"PS","PARTICIPANT_COMPUTER","keyboard",104,8.657,-18,19,1,0.3425,0.3278,0.0522,0,20,-5,-5,-5,61,3,0.6966,0.6159,0.2746,30,2,0.7022,0.6319,0.2201,31,1,0.6912,0.5678,0.3185
"SetShifting","3.2.0.1","12/30/2011","a","Adult","English","USC_CAR_Lab","3965",2,"08/05/2022","15:08:31",NA,"kk","PARTICIPANT_COMPUTER","keyboard",104,7.671,2,20,0,0.6735,0.6239,0.22,19,1,0.5993,0.5359,0.2101,61,3,0.9723,0.904,0.408,30,3,0.9721,0.9359,0.4331,31,0,0.9725,0.888,0.3821
"SetShifting","3.2.0.1","12/30/2011","a","Adult","English","USC_CAR_Lab","3966",1,"04/21/2022","10:42:53",NA,"PS","PARTICIPANT_COMPUTER","keyboard",104,9.094,4,20,0,0.4223,0.3919,0.1014,20,0,0.4426,0.4512,0.0386,60,4,0.5991,0.5039,0.2246,34,2,0.6159,0.5199,0.2436,26,2,0.5771,0.4958,0.1948
"SetShifting","3.2.0.1","12/30/2011","a","Adult","English","USC_CAR_Lab","3968",1,"04/22/2022","12:40:52",NA,"PS","PARTICIPANT_COMPUTER","keyboard",104,9.288,5,19,1,0.3818,0.3599,0.0966,20,0,0.413,0.3999,0.0659,58,6,0.4741,0.4398,0.1438,27,5,0.4867,0.4479,0.1404,31,1,0.4631,0.4159,0.1459
"SetShifting","3.2.0.1","12/30/2011","a","Adult","English","USC_CAR_Lab","3971",1,"05/12/2022","09:02:51",NA,"PS","PARTICIPANT_COMPUTER","keyboard",104,8.559,6,20,0,0.441,0.4078,0.1657,20,0,0.5567,0.4558,0.4747,58,6,0.751,0.5839,0.6581,27,6,0.8825,0.6478,0.8803,31,0,0.6365,0.5279,0.3275
"SetShifting","3.2.0.1","12/30/2011","a","Adult","English","USC_CAR_Lab","3974",1,"05/02/2022","08:36:11",NA,"PS","PARTICIPANT_COMPUTER","keyboard",104,7.811,3,20,0,0.7042,0.7038,0.0968,20,0,0.6103,0.5839,0.0989,61,3,0.8763,0.8558,0.2117,32,3,0.9224,0.9279,0.1955,29,0,0.8255,0.7598,0.2172
"SetShifting","3.2.0.1","12/30/2011","a","Adult","English","USC_CAR_Lab","3975",1,"05/11/2022","10:37:59",NA,"PS","PARTICIPANT_COMPUTER","keyboard",104,8.783,5,20,0,0.4319,0.4159,0.0943,20,0,0.4457,0.4399,0.0496,59,5,0.627,0.5518,0.3177,31,3,0.6086,0.5598,0.1981,28,2,0.6473,0.4719,0.4105
"SetShifting","3.2.0.1","12/30/2011","a","Adult","English","USC_CAR_Lab","3976",1,"04/29/2022","10:44:31",NA,"PS","PARTICIPANT_COMPUTER","keyboard",104,8.015,5,20,0,0.6671,0.6319,0.1547,20,0,0.5594,0.5599,0.0788,59,5,0.8279,0.7439,0.248,29,3,0.8873,0.792,0.2951,30,2,0.7705,0.7439,0.1734
"SetShifting","3.2.0.1","12/30/2011","a","Adult","English","USC_CAR_Lab","3977",1,"05/02/2022","14:35:20",NA,"PS","PARTICIPANT_COMPUTER","keyboard",104,9.094,3,20,0,0.5786,0.5038,0.1953,19,1,0.5409,0.4958,0.245,60,4,0.6409,0.5039,0.3216,31,3,0.7124,0.616,0.3523,29,1,0.5645,0.4479,0.2646
"SetShifting","3.2.0.1","12/30/2011","a","Adult","English","USC_CAR_Lab","3979",1,"05/02/2022","16:08:36",NA,"PS","PARTICIPANT_COMPUTER","keyboard",104,8.589,1,20,0,0.4978,0.4239,0.1835,20,0,0.6359,0.6318,0.1267,63,1,0.719,0.6719,0.2107,34,0,0.7664,0.6959,0.2363,29,1,0.6633,0.6325,0.1588
"SetShifting","3.2.0.1","12/30/2011","a","Adult","English","USC_CAR_Lab","3980",1,"05/06/2022","13:55:16",NA,"PS","PARTICIPANT_COMPUTER","keyboard",104,7.675,9,20,0,0.5671,0.5199,0.1502,20,0,0.5378,0.5357,0.11,55,9,0.8567,0.7519,0.359,24,5,0.8092,0.7438,0.2973,31,4,0.8935,0.8079,0.3965
"SetShifting","3.2.0.1","12/30/2011","a","Adult","English","USC_CAR_Lab","3982",1,"05/17/2022","13:43:17",NA,"PS","PARTICIPANT_COMPUTER","keyboard",104,8.094,3,19,1,0.5721,0.5519,0.0877,20,0,0.6567,0.5998,0.1811,60,4,0.8012,0.7438,0.2713,33,3,0.9019,0.7919,0.2955,27,1,0.6781,0.6959,0.1709
"SetShifting","3.2.0.1","12/30/2011","a","Adult","English","USC_CAR_Lab","3984",1,"05/09/2022","14:07:45",NA,"PS","PARTICIPANT_COMPUTER","keyboard",104,7.773,-1,19,1,0.9156,0.8878,0.3079,20,0,0.7682,0.7039,0.221,64,0,0.9989,0.9518,0.4131,36,0,1.0727,1.0157,0.4386,28,0,0.9039,0.7599,0.356
"SetShifting","3.2.0.1","12/30/2011","a","Adult","English","USC_CAR_Lab","3986",1,"05/05/2022","10:48:03",NA,"EX","PARTICIPANT_COMPUTER","keyboard",104,7.195,0,20,0,1.2074,1.2079,0.245,20,0,1.0519,0.9679,0.3692,64,0,1.3121,1.1918,0.4609,33,0,1.4299,1.2559,0.4818,31,0,1.1867,1.1359,0.4013
"SetShifting","3.2.0.1","12/30/2011","a","Adult","English","USC_CAR_Lab","3988",1,"05/17/2022","08:38:17",NA,"PS","PARTICIPANT_COMPUTER","keyboard",104,9.021,1,20,0,0.4736,0.4558,0.0898,20,0,0.4335,0.4239,0.0502,63,1,0.5955,0.5679,0.1432,34,1,0.5679,0.5279,0.1241,29,0,0.628,0.6159,0.1567
"SetShifting","3.2.0.1","12/30/2011","a","Adult","English","USC_CAR_Lab","3991",1,"05/25/2022","15:57:30",NA,"PS","PARTICIPANT_COMPUTER","keyboard",104,9.688,4,20,0,0.3895,0.3759,0.0652,20,0,0.3788,0.3759,0.0589,60,4,0.3783,0.3599,0.0788,30,3,0.3844,0.3678,0.0621,30,1,0.3721,0.3599,0.0921
"SetShifting","3.2.0.1","12/30/2011","a","Adult","English","USC_CAR_Lab","3992",1,"08/26/2022","15:19:22",NA,"kk","PARTICIPANT_COMPUTER","keyboard",104,9.248,0,19,1,0.4314,0.4238,0.0722,20,0,0.4594,0.4398,0.1276,63,1,0.5823,0.5199,0.1886,33,0,0.5708,0.5199,0.1714,30,1,0.5951,0.5279,0.2051
"SetShifting","3.2.0.1","12/30/2011","a","Adult","English","USC_CAR_Lab","3993",1,"08/26/2023","13:28:16",NA,"kk","PARTICIPANT_COMPUTER","keyboard",104,8.716,3,20,0,0.4615,0.4079,0.1365,19,1,0.4444,0.4399,0.0585,60,4,0.6649,0.5839,0.2899,30,2,0.6564,0.5679,0.2735,30,2,0.6735,0.5998,0.3051
"SetShifting","3.2.0.1","12/30/2011","a","Adult","English","USC_CAR_Lab","3996",1,"05/05/2022","14:20:04",NA,"PS","PARTICIPANT_COMPUTER","keyboard",104,8.577,0,20,0,0.5623,0.5678,0.0701,20,0,0.5682,0.5198,0.1479,64,0,0.7281,0.6959,0.1992,33,0,0.7623,0.7119,0.2402,31,0,0.6917,0.6639,0.134
"SetShifting","3.2.0.1","12/30/2011","a","Adult","English","USC_CAR_Lab","3998",1,"05/16/2022","08:33:19",NA,"PS","PARTICIPANT_COMPUTER","keyboard",104,9.521,2,20,0,0.3687,0.3599,0.0465,19,1,0.4096,0.4238,0.0315,61,3,0.4729,0.4399,0.1075,33,2,0.4597,0.4399,0.0857,28,1,0.4885,0.4399,0.1268
"SetShifting","3.2.0.1","12/30/2011","a","Adult","English","USC_CAR_Lab","3999",1,"05/23/2022","09:39:38",NA,"PS","PARTICIPANT_COMPUTER","keyboard",104,8.621,1,20,0,0.3655,0.3598,0.0553,20,0,0.4374,0.4151,0.0805,63,1,0.6893,0.6637,0.2686,32,1,0.7198,0.6879,0.2763,31,0,0.6577,0.6158,0.2566
"SetShifting","3.2.0.1","12/30/2011","a","Adult","English","USC_CAR_Lab","4000",1,"05/16/2022","16:37:04",NA,"PS","PARTICIPANT_COMPUTER","keyboard",104,9.171,1,20,0,0.5007,0.4878,0.0839,19,1,0.4972,0.5038,0.0617,62,2,0.5312,0.5198,0.1338,31,2,0.5447,0.5198,0.1574,31,0,0.5178,0.5198,0.1034
"SetShifting","3.2.0.1","12/30/2011","a","Adult","English","USC_CAR_Lab","4001",1,"04/29/2022","12:27:13",NA,"PS","PARTICIPANT_COMPUTER","keyboard",104,9.453,4,19,1,0.3514,0.3279,0.0692,18,2,0.3945,0.3519,0.1216,57,7,0.4185,0.3918,0.1232,32,4,0.4389,0.4159,0.1367,25,3,0.3925,0.3759,0.0973
"SetShifting","3.2.0.1","12/30/2011","a","Adult","English","USC_CAR_Lab","4003",1,"05/12/2022","15:36:05",NA,"PS","PARTICIPANT_COMPUTER","keyboard",104,9.022,1,20,0,0.5586,0.5759,0.0782,20,0,0.5711,0.5599,0.0647,63,1,0.6357,0.5678,0.216,36,0,0.6376,0.5839,0.2231,27,1,0.6331,0.5519,0.206
"SetShifting","3.2.0.1","12/30/2011","a","Adult","English","USC_CAR_Lab","4008",2,"10/20/2022","17:27:55",NA,"kk","PARTICIPANT_COMPUTER","keyboard",104,8.747,0,20,0,0.5535,0.5199,0.1259,19,1,0.8267,0.7119,0.3018,63,1,0.7797,0.6318,0.3292,33,1,0.8423,0.6319,0.3814,30,0,0.7108,0.5918,0.2418
"SetShifting","3.2.0.1","12/30/2011","a","Adult","English","USC_CAR_Lab","4009",1,"09/02/2022","11:58:41",NA,"TS","PARTICIPANT_COMPUTER","keyboard",104,8.559,6,20,0,0.4186,0.4398,0.0648,20,0,0.8295,0.6478,0.5353,58,6,0.7279,0.5839,0.4872,28,5,0.749,0.5841,0.4045,30,1,0.7081,0.5517,0.5526
"SetShifting","3.2.0.1","12/30/2011","a","Adult","English","USC_CAR_Lab","4010",2,"07/27/2022","11:15:14",NA,"kk","PARTICIPANT_COMPUTER","keyboard",104,8.188,7,19,1,0.468,0.4557,0.0956,19,1,0.4575,0.4717,0.058,55,9,0.615,0.6159,0.1544,24,8,0.6532,0.6479,0.1655,31,1,0.5854,0.5839,0.1382
"SetShifting","3.2.0.1","12/30/2011","a","Adult","English","USC_CAR_Lab","4011",1,"09/21/2022","10:49:39",NA,"CP","PARTICIPANT_COMPUTER","keyboard",104,9.772,1,20,0,0.4537,0.4506,0.0543,20,0,0.4815,0.4558,0.1244,63,1,0.4597,0.4241,0.1178,33,1,0.5058,0.4718,0.1276,30,0,0.409,0.3919,0.0795
"SetShifting","3.2.0.1","12/30/2011","a","Adult","English","USC_CAR_Lab","4013",1,"11/03/2022","16:08:09",NA,"kk","PARTICIPANT_COMPUTER","keyboard",104,8.412,1,20,0,0.5586,0.5199,0.149,20,0,0.5598,0.544,0.0942,63,1,0.7924,0.7199,0.2299,31,1,0.781,0.7199,0.2151,32,0,0.8034,0.7119,0.2429
"SetShifting","3.2.0.1","12/30/2011","a","Adult","English","USC_CAR_Lab","4015",1,"02/08/2023","16:56:41",NA,"kk","PARTICIPANT_COMPUTER","keyboard",104,9.538,4,20,0,0.3823,0.3839,0.0567,20,0,0.397,0.3999,0.0549,60,4,0.4439,0.4239,0.0876,29,4,0.4713,0.4398,0.1019,31,0,0.4182,0.4158,0.0613
"SetShifting","3.2.0.1","12/30/2011","a","Adult","English","USC_CAR_Lab","4022",1,"05/31/2023","10:39:53",NA,"SZ","PARTICIPANT_COMPUTER","keyboard",104,7.548,3,20,0,0.5871,0.5839,0.1606,19,1,0.702,0.6478,0.2064,60,4,1.0351,0.9199,0.3991,31,3,1.0835,0.9678,0.4249,29,1,0.9833,0.8238,0.3624
"SetShifting","3.2.0.1","12/30/2011","a","Adult","English","USC_CAR_Lab","4023",1,"11/09/2023","13:48:16",NA,"kk","PARTICIPANT_COMPUTER","keyboard",104,9.688,3,20,0,0.3441,0.3439,0.0497,19,1,0.3818,0.3758,0.0689,60,4,0.4092,0.3679,0.1232,29,3,0.4294,0.3679,0.1465,31,1,0.3903,0.3679,0.0925
"SetShifting","3.2.0.1","12/30/2011","a","Adult","English","USC_CAR_Lab","4024",1,"05/08/2023","10:33:40",NA,"EX","PARTICIPANT_COMPUTER","keyboard",104,8.704,4,20,0,0.4258,0.4239,0.0547,18,2,0.503,0.4878,0.0712,58,6,0.5855,0.5519,0.1415,27,5,0.6242,0.5999,0.1549,31,1,0.5519,0.5438,0.1189
"SetShifting","3.2.0.1","12/30/2011","a","Adult","English","UIC-IJR","5001",1,"03/07/2020","15:44:57",NA,"AC","IJR-235a","keyboard",104,8.497,4,20,0,0.549,0.5197,0.1367,20,0,0.608,0.5679,0.1317,60,4,0.7222,0.6358,0.2932,33,3,0.7547,0.6478,0.3189,27,1,0.6825,0.5879,0.2526
"SetShifting","3.2.0.1","12/30/2011","a","Adult","English","UIC-IJR","6079",1,"09/05/2019","15:51:20",NA,"jw","IJR-235a","keyboard",104,8.735,0,19,1,0.4615,0.4638,0.089,19,1,0.5863,0.5678,0.1087,62,2,0.6718,0.6159,0.1942,31,1,0.6842,0.6318,0.191,31,1,0.6594,0.5998,0.1966
"SetShifting","3.2.0.1","12/30/2011","a","Adult","English","UIC-IJR","6096",2,"10/16/2018","11:59:47",NA,"rs","IJR-235a","keyboard",104,8.908,2,20,0,0.5002,0.4878,0.1087,20,0,0.5015,0.5039,0.0445,62,2,0.5938,0.5758,0.1542,31,1,0.5911,0.5519,0.1553,31,1,0.5965,0.5918,0.1531
"SetShifting","3.2.0.1","12/30/2011","a","Adult","English","UIC-IJR","7001",1,"03/14/2019","17:30:03",NA,"jw","IJR-235a","keyboard",104,9.508,-1,18,2,0.4963,0.4079,0.1814,19,1,0.4786,0.4199,0.183,62,2,0.542,0.4558,0.2115,32,2,0.6006,0.4878,0.2384,30,0,0.4796,0.4479,0.1557
"SetShifting","3.2.0.1","12/30/2011","a","Adult","English","UIC-IJR","7013",1,"11/21/2018","18:09:56",NA,"jw","IJR-235a","keyboard",104,8.549,0,20,0,0.5494,0.5078,0.1114,20,0,0.599,0.5665,0.1877,64,0,0.7556,0.7037,0.2535,35,0,0.7374,0.7118,0.2219,29,0,0.7775,0.6879,0.2855
"SetShifting","3.2.0.1","12/30/2011","a","Adult","English","UIC-IJR","7014",1,"11/01/2018","14:10:28",NA,"rs","IJR-235a","keyboard",104,7.905,0,20,0,0.7656,0.7438,0.122,20,0,0.795,0.7478,0.177,64,0,0.9862,0.9039,0.2848,32,0,1.0081,0.9198,0.2487,32,0,0.9643,0.8638,0.3153
"SetShifting","3.2.0.1","12/30/2011","a","Adult","English","UIC-IJR","7015",1,"11/14/2018","14:24:17",NA,"jw","IJR-235a","keyboard",104,9.131,1,19,1,0.4205,0.3998,0.1036,20,0,0.4393,0.4278,0.0685,62,2,0.5815,0.5278,0.1583,31,2,0.5771,0.5278,0.1467,31,0,0.5859,0.5318,0.1689
"SetShifting","3.2.0.1","12/30/2011","a","Adult","English","UIC-IJR","7019",1,"03/20/2019","18:00:14",NA,"jw","IJR-235a","keyboard",104,9.022,1,20,0,0.5283,0.5119,0.0957,20,0,0.5122,0.5118,0.1074,63,1,0.5895,0.5677,0.1478,33,0,0.6056,0.5717,0.1656,30,1,0.5718,0.5518,0.1229
"SetShifting","3.2.0.1","12/30/2011","a","Adult","English","UIC-IJR","7036",1,"11/07/2018","11:06:41",NA,"rs","IJR-235a","keyboard",104,9.531,5,19,1,0.3539,0.3438,0.0597,20,0,0.4022,0.3838,0.0637,58,6,0.3673,0.3598,0.0667,31,5,0.38,0.3599,0.0733,27,1,0.3527,0.3518,0.0546
"SetShifting","3.2.0.1","12/30/2011","a","Adult","English","UIC-IJR","919",1,"10/11/2018","16:30:22",NA,"rs","IJR-235a",NA,0,-5,-5,0,0,-5,-5,-5,0,0,-5,-5,-5,0,0,-5,-5,-5,0,0,-5,-5,-5,0,0,-5,-5,-5
"SetShifting","3.2.0.1","12/30/2011","a","Adult","English","UIC-IJR","990",3,"06/13/2018","15:17",NA,"rs","IJR-235a","keyboard",104,5.765,3,12,8,1.7894,1.4812,1.0813,14,6,0.9558,0.6238,0.8438,47,17,1.8534,1.2398,1.3145,25,10,2.083,1.8318,1.3625,22,7,1.5925,1.1559,1.2057
"SetShifting","3.2.0.1","12/30/2011","a","Adult","English","UIC-IJR","996",1,"10/24/2018","15:40:27",NA,"rs","IJR-235a",NA,0,-5,-5,0,0,-5,-5,-5,0,0,-5,-5,-5,0,0,-5,-5,-5,0,0,-5,-5,-5,0,0,-5,-5,-5
"SetShifting","3.2.0.1","12/30/2011","a","Adult","English","UIC-IJR","999",1,"01/07/2020","14:42:01",NA,"AC","IJR-235a",NA,0,-5,-5,0,0,-5,-5,-5,0,0,-5,-5,-5,0,0,-5,-5,-5,0,0,-5,-5,-5,0,0,-5,-5,-5
"SetShifting","3.2.0.1","12/30/2011","a","Adult","English","UIC-IJR","999",1,"06/08/2018","14:03",NA,"rs","IJR-235a","keyboard",104,7.84,11,9,11,1.2078,0.5838,1.357,15,5,0.5604,0.4158,0.5048,37,27,0.8276,0.4079,1.0896,17,16,0.669,0.3878,0.8101,20,11,0.9625,0.4079,1.2645
"SetShifting","3.2.0.1","12/30/2011","a","Adult","English","USC_CAR_Lab","999",1,"09/01/2023","13:52:25",NA,"uf","PARTICIPANT_COMPUTER","keyboard",104,8.585,8,19,1,0.4727,0.4559,0.1179,19,1,0.4999,0.4719,0.1062,54,10,0.5803,0.5118,0.2252,28,8,0.6279,0.5198,0.2698,26,2,0.5291,0.4958,0.1481
"SetShifting","3.2.0.1","12/30/2011","a","Adult","English","UIC-IJR","999",1,"10/23/2018","13:54:11",NA,"JW","IJR-235a","keyboard",104,6.482,13,13,7,1.3135,1.2639,0.8897,10,10,1.0678,0.9799,0.6721,34,30,0.9092,0.6317,0.7984,17,16,0.918,0.6959,0.5911,17,14,0.9005,0.5238,0.9619
"SetShifting","3.2.0.1","12/30/2011","a","Adult","English","USC_CAR_Lab","999",2,"08/04/2022","15:19:15",NA,"CP","PARTICIPANT_COMPUTER","keyboard",104,7.357,15,20,0,0.7215,0.5518,0.3198,19,1,0.857,0.7758,0.3,48,16,0.8659,0.6879,0.4123,19,13,1.0858,1.0639,0.5066,29,3,0.7218,0.6639,0.2465
"SetShifting","3.2.0.1","12/30/2011","a","Adult","English","USC_CAR_Lab","9995",1,"12/07/2021","15:30:40",NA,"jps","PARTICIPANT_COMPUTER",NA,0,-5,-5,0,0,-5,-5,-5,0,0,-5,-5,-5,0,0,-5,-5,-5,0,0,-5,-5,-5,0,0,-5,-5,-5
"SetShifting","3.2.0.1","12/30/2011","a","Adult","English","UIC-IJR","9999",1,"01/13/2020","13:19:45",NA,"AC","IJR-235a","keyboard",12,-5,-5,0,0,-5,-5,-5,11,1,0.7675,0.6958,0.2019,0,0,-5,-5,-5,0,0,-5,-5,-5,0,0,-5,-5,-5
"SetShifting","3.2.0.1","12/30/2011","a","Adult","English","USC_CAR_Lab","9999",1,"05/04/2023","14:50:51",NA,"SZ","PARTICIPANT_COMPUTER","keyboard",21,-5,-5,5,15,1.1411,0.6638,1.0033,0,1,-5,-5,-5,0,0,-5,-5,-5,0,0,-5,-5,-5,0,0,-5,-5,-5
"SetShifting","3.2.0.1","12/30/2011","a","Adult","English","UIC-IJR","9999",1,"06/20/2018","14:55",NA,"slp","IJR-235a","keyboard",104,8.278,2,20,0,0.5483,0.5438,0.0709,20,0,0.533,0.5358,0.0624,62,2,0.7544,0.7358,0.2202,29,1,0.7615,0.7439,0.2149,33,1,0.7482,0.7158,0.2245
"SetShifting","3.2.0.1","12/30/2011","a","Adult","English","USC_CAR_Lab","9999",1,"07/20/2022","15:21:54",NA,"CP","PARTICIPANT_COMPUTER","keyboard",104,7.4,2,8,12,0.1555,0.1186,0.1618,2,18,1.7065,1.7065,1.1971,32,32,0.4674,0.4158,0.364,19,15,0.5333,0.4558,0.3761,13,17,0.3709,0.2319,0.3222
"SetShifting","3.2.0.1","12/30/2011","a","Adult","English","USC_CAR_Lab","9999",1,"08/23/2023","15:09:21",NA,"kk","PARTICIPANT_COMPUTER","keyboard",104,5.409,14,10,10,0.8878,0.5358,0.8316,9,11,0.7604,0.392,0.9536,29,35,1.0468,0.8239,0.9555,19,15,1.0015,0.8239,0.9548,10,20,1.1327,0.8879,0.9511
"SetShifting","3.2.0.1","12/30/2011","a","Adult","English","UIC-IJR","9999",1,"09/03/2019","16:28:03",NA,"jw","IJR-235a","keyboard",23,-5,-5,19,1,0.3816,0.3438,0.1637,2,1,0.4118,0.4118,0.052,0,0,-5,-5,-5,0,0,-5,-5,-5,0,0,-5,-5,-5
"SetShifting","3.2.0.1","12/30/2011","a","Adult","English","UIC-IJR","9999",1,"09/11/2020","14:36:48",NA,"hd","IJR-235a","keyboard",104,8.122,8,20,0,0.4574,0.4078,0.1191,19,1,0.5455,0.5438,0.0898,55,9,0.665,0.6319,0.2297,28,8,0.6884,0.7158,0.2189,27,1,0.6407,0.6079,0.238
"SetShifting","3.2.0.1","12/30/2011","a","Adult","English","UIC-IJR","99999",1,"01/30/2020","09:48:28",NA,"py","IJR-235a","keyboard",5,-5,-5,0,0,-5,-5,-5,2,3,0.5349,0.5349,0.0809,0,0,-5,-5,-5,0,0,-5,-5,-5,0,0,-5,-5,-5
"SetShifting","3.2.0.1","12/30/2011","a","Adult","English","UIC-IJR","99999",1,"10/19/2018","12:06:30",NA,"JW","IJR-235a",NA,0,-5,-5,0,0,-5,-5,-5,0,0,-5,-5,-5,0,0,-5,-5,-5,0,0,-5,-5,-5,0,0,-5,-5,-5
"SetShifting","3.2.0.1","12/30/2011","a","Adult","English","UIC-IJR","99999",2,"10/22/2018","12:34:06",NA,"JW","IJR-235a","keyboard",104,8.872,2,20,0,0.4191,0.4118,0.0684,20,0,0.5782,0.5278,0.1345,62,2,0.6499,0.5838,0.2319,33,1,0.6566,0.6079,0.1944,29,1,0.6423,0.5798,0.268
"SetShifting","3.2.0.1","12/30/2011","a","Adult","English","UIC-IJR","999999",1,"12/03/2019","12:20:07",NA,"jw","IJR-235a",NA,14,-5,-5,0,0,-5,-5,-5,0,14,-5,-5,-5,0,0,-5,-5,-5,0,0,-5,-5,-5,0,0,-5,-5,-5
"SetShifting","3.2.0.1","12/30/2011","a","Adult","English","UIC-IJR","CHEER_5002",1,"09/19/2020","10:01:26",NA,"hd","IJR-235a","keyboard",104,7.152,13,19,1,0.5284,0.4638,0.1612,19,1,0.5421,0.5197,0.1039,49,15,0.8392,0.7679,0.3451,24,11,0.8445,0.7038,0.3942,25,4,0.8341,0.8159,0.2902
"SetShifting","3.2.0.1","12/30/2011","a","Adult","English","UIC-IJR","cheer3333",1,"09/05/2020","15:03:35",NA,"ac","IJR-235a",NA,0,-5,-5,0,0,-5,-5,-5,0,0,-5,-5,-5,0,0,-5,-5,-5,0,0,-5,-5,-5,0,0,-5,-5,-5
